KIN,調性數字,調性,圖騰數字,圖騰,主印記,矩陣位置,KIN,波符,波符加印記,城堡,波符加印記城堡,銀河季節,波符加印記城堡銀河季節,諧波,密碼子,調性數字,調性,圖騰數字,圖騰,星際原型,BMU,行星,流,電路,說明,家族,對應脈輪,電路,電路說明
1,1,磁性,1,紅龍,磁性紅龍,V01:H01,1,紅龍波符,紅龍波符磁性紅龍,紅色東方啟動城堡,紅色東方啟動城堡紅龍波符磁性紅龍,愛的白狗白色銀河季節,愛的白狗白色銀河季節紅色東方啟動城堡紅龍波符磁性紅龍,"諧波1 
自我存在的輸入，賦予形式的盛開","第1股 樹之道
創世起源
01乾為天卦",1,磁性,1,紅龍,原動力,108,海王星,銀河業力流(GK),電路2：共有的記憶本能,記憶出生打開進入靜心永恆之門,基本家族,喉輪,電路1：阿爾法•歐米茄充電電路,元意識電路，是最高級別意識的微小平台與整個星系的順序相連接。
2,2,月亮,2,白風,月亮白風,V01:H02,2,紅龍波符,紅龍波符月亮白風,紅色東方啟動城堡,紅色東方啟動城堡紅龍波符月亮白風,愛的白狗白色銀河季節,愛的白狗白色銀河季節紅色東方啟動城堡紅龍波符月亮白風,"諧波1 
自我存在的輸入，賦予形式的盛開","第1股 樹之道
創世起源
01乾為天卦",2,月亮,2,白風,女祭司,144,天王星,銀河業力流(GK),電路3：預言遊戲棋盤，地球發聲管道,心靈打開導航/共時之門,核心家族,心輪,電路2：共有的記憶本能,來自銀河系元意識的本能和心電感應的源頭。
3,3,電力,3,藍夜,電力藍夜,V01:H03,3,紅龍波符,紅龍波符電力藍夜,紅色東方啟動城堡,紅色東方啟動城堡紅龍波符電力藍夜,愛的白狗白色銀河季節,愛的白狗白色銀河季節紅色東方啟動城堡紅龍波符電力藍夜,"諧波1 
自我存在的輸入，賦予形式的盛開","第1股 樹之道
創世起源
01乾為天卦",3,電力,3,藍夜,夢想家,126,土星,銀河業力流(GK),電路4：表達智能,心靈豐盛打開智能無懼之門,信號家族,太陽神經叢,電路3：預言遊戲棋盤，地球發聲管道,雙心電感應電路，是太陽系整個發聲管道系統的核心部分。
4,4,自我存在,4,黃種子,自我存在黃種子,V01:H04,4,紅龍波符,紅龍波符自我存在黃種子,紅色東方啟動城堡,紅色東方啟動城堡紅龍波符自我存在黃種子,愛的白狗白色銀河季節,愛的白狗白色銀河季節紅色東方啟動城堡紅龍波符自我存在黃種子,"諧波1 
自我存在的輸入，賦予形式的盛開","第1股 樹之道
創世起源
01乾為天卦",4,自我存在,4,黃種子,純真的人,90,木星,銀河業力流(GK),電路5：吸收智能,成就/覺知打開視野之門,通道家族,海底輪,電路4：表達智能,感知活動被外化，同時外部感官被傳送至感官系統之中。
5,5,超頻,5,紅蛇,超頻紅蛇,V01:H05,5,紅龍波符,紅龍波符超頻紅蛇,紅色東方啟動城堡,紅色東方啟動城堡紅龍波符超頻紅蛇,愛的白狗白色銀河季節,愛的白狗白色銀河季節紅色東方啟動城堡紅龍波符超頻紅蛇,"諧波2 
銀河星系的儲存，記得完整的優雅","第6股 動力建構之道
百折不撓
43澤天夬卦",5,超頻,5,紅蛇,啟動的蛇,288,馬爾戴克星,銀河業力流(GK),電路5：吸收智能,性/生命力打開永恆之門,極性家族,頂輪,電路5：吸收智能,感知活動被內化，在外化的電路中進行最後的流動。
6,6,韻律,6,白世界橋,韻律白世界橋,V01:H06,6,紅龍波符,紅龍波符韻律白世界橋,紅色東方啟動城堡,紅色東方啟動城堡紅龍波符韻律白世界橋,愛的白狗白色銀河季節,愛的白狗白色銀河季節紅色東方啟動城堡紅龍波符韻律白世界橋,"諧波2 
銀河星系的儲存，記得完整的優雅","第6股 動力建構之道
百折不撓
43澤天夬卦",6,韻律,6,白世界橋,教皇,294,火星,銀河業力流(GK),電路4：表達智能,死亡打開預言/空間之門,基本家族,喉輪,,
7,7,共振,7,藍手,共振藍手,V01:H07,7,紅龍波符,紅龍波符共振藍手,紅色東方啟動城堡,紅色東方啟動城堡紅龍波符共振藍手,愛的白狗白色銀河季節,愛的白狗白色銀河季節紅色東方啟動城堡紅龍波符共振藍手,"諧波2 
銀河星系的儲存，記得完整的優雅","第6股 動力建構之道
百折不撓
43澤天夬卦",7,共振,7,藍手,阿凡達,291,地球,銀河業力流(GK),電路3：預言遊戲棋盤，地球發聲管道,貫徹打開自由意志智慧之門,核心家族,心輪,,
8,8,銀河星系,8,黃星星,銀河星系黃星星,V01:H08,8,紅龍波符,紅龍波符銀河星系黃星星,紅色東方啟動城堡,紅色東方啟動城堡紅龍波符銀河星系黃星星,愛的白狗白色銀河季節,愛的白狗白色銀河季節紅色東方啟動城堡紅龍波符銀河星系黃星星,"諧波2 
銀河星系的儲存，記得完整的優雅","第6股 動力建構之道
百折不撓
43澤天夬卦",8,銀河星系,8,黃星星,藝術家,300,金星,銀河業力流(GK),電路2：共有的記憶本能,藝術打開魔法之門,信號家族,太陽神經叢,,
9,9,太陽,9,紅月,太陽紅月,V01:H09,9,紅龍波符,紅龍波符太陽紅月,紅色東方啟動城堡,紅色東方啟動城堡紅龍波符太陽紅月,愛的白狗白色銀河季節,愛的白狗白色銀河季節紅色東方啟動城堡紅龍波符太陽紅月,"諧波3 
水晶的作用，構建合作的自由意志","第6股 動力建構之道
時間的穿透力
44天風姤卦",9,太陽,9,紅月,治療師,306,水星,銀河業力流(GK),電路1：阿爾法•歐米茄充電電路,淨化打開愛之門,通道家族,海底輪,,
10,10,行星,10,白狗,行星白狗,V01:H10,10,紅龍波符,紅龍波符行星白狗,紅色東方啟動城堡,紅色東方啟動城堡紅龍波符行星白狗,愛的白狗白色銀河季節,愛的白狗白色銀河季節紅色東方啟動城堡紅龍波符行星白狗,"諧波3 
水晶的作用，構建合作的自由意志","第6股 動力建構之道
時間的穿透力
44天風姤卦",10,行星,10,白狗,慈悲者,303,水星,太陽預言流(SP),電路1：阿爾法•歐米茄充電電路,淨化打開愛之門,極性家族,頂輪,,
11,11,光譜,11,藍猴,光譜藍猴,V01:H11,11,紅龍波符,紅龍波符光譜藍猴,紅色東方啟動城堡,紅色東方啟動城堡紅龍波符光譜藍猴,愛的白狗白色銀河季節,愛的白狗白色銀河季節紅色東方啟動城堡紅龍波符光譜藍猴,"諧波3 
水晶的作用，構建合作的自由意志","第6股 動力建構之道
時間的穿透力
44天風姤卦",11,光譜,11,藍猴,魔術師,312,金星,太陽預言流(SP),電路2：共有的記憶本能,藝術打開魔法之門,基本家族,喉輪,,
12,12,水晶,12,黃人,水晶黃人,V01:H12,12,紅龍波符,紅龍波符水晶黃人,紅色東方啟動城堡,紅色東方啟動城堡紅龍波符水晶黃人,愛的白狗白色銀河季節,愛的白狗白色銀河季節紅色東方啟動城堡紅龍波符水晶黃人,"諧波3 
水晶的作用，構建合作的自由意志","第6股 動力建構之道
時間的穿透力
44天風姤卦",12,水晶,12,黃人,聖哲,318,地球,太陽預言流(SP),電路3：預言遊戲棋盤，地球發聲管道,貫徹打開自由意志智慧之門,核心家族,心輪,,
13,13,宇宙,13,紅天行者,宇宙紅天行者,V01:H13,13,紅龍波符,紅龍波符宇宙紅天行者,紅色東方啟動城堡,紅色東方啟動城堡紅龍波符宇宙紅天行者,愛的白狗白色銀河季節,愛的白狗白色銀河季節紅色東方啟動城堡紅龍波符宇宙紅天行者,"諧波4 
電力的輸出，表現服務的智能","第2股 舉止之道
眾人的智慧
14火天大有卦",13,宇宙,13,紅天行者,預言家,315,火星,太陽預言流(SP),電路4：表達智能,死亡打開預言/空間之門,信號家族,太陽神經叢,,
14,1,磁性,14,白巫師,磁性白巫師,V01:H14,14,白巫師波符,白巫師波符磁性白巫師,紅色東方啟動城堡,紅色東方啟動城堡白巫師波符磁性白巫師,愛的白狗白色銀河季節,愛的白狗白色銀河季節紅色東方啟動城堡白巫師波符磁性白巫師,"諧波4 
電力的輸出，表現服務的智能","第2股 舉止之道
眾人的智慧
14火天大有卦",,不指定,14,白巫師,巫師,276,馬爾戴克星,太陽預言流(SP),電路5：吸收智能,性/生命力打開永恆之門,通道家族,海底輪,,
15,2,月亮,15,藍鷹,月亮藍鷹,V01:H15,15,白巫師波符,白巫師波符月亮藍鷹,紅色東方啟動城堡,紅色東方啟動城堡白巫師波符月亮藍鷹,愛的白狗白色銀河季節,愛的白狗白色銀河季節紅色東方啟動城堡白巫師波符月亮藍鷹,"諧波4 
電力的輸出，表現服務的智能","第2股 舉止之道
眾人的智慧
14火天大有卦",,,15,藍鷹,先知,282,木星,太陽預言流(SP),電路5：吸收智能,成就/覺知打開視野之門,極性家族,頂輪,,
16,3,電力,16,黃戰士,電力黃戰士,V01:H16,16,白巫師波符,白巫師波符電力黃戰士,紅色東方啟動城堡,紅色東方啟動城堡白巫師波符電力黃戰士,愛的白狗白色銀河季節,愛的白狗白色銀河季節紅色東方啟動城堡白巫師波符電力黃戰士,"諧波4 
電力的輸出，表現服務的智能","第2股 舉止之道
眾人的智慧
14火天大有卦",,,16,黃戰士,開創者,279,土星,太陽預言流(SP),電路4：表達智能,心靈豐盛打開智能無懼之門,基本家族,喉輪,,
17,4,自我存在,17,紅地球,自我存在紅地球,V01:H17,17,白巫師波符,白巫師波符自我存在紅地球,紅色東方啟動城堡,紅色東方啟動城堡白巫師波符自我存在紅地球,愛的白狗白色銀河季節,愛的白狗白色銀河季節紅色東方啟動城堡白巫師波符自我存在紅地球,"諧波5 
共鳴的母體矩陣，自我調整協調的宇宙之火","第4股 第四超越之道
正在使用的時間
28澤風大過卦",,,17,紅地球,領航者,396,天王星,太陽預言流(SP),電路3：預言遊戲棋盤，地球發聲管道,心靈打開導航/共時之門,核心家族,心輪,,
18,5,超頻,18,白鏡,超頻白鏡,V01:H18,18,白巫師波符,白巫師波符超頻白鏡,紅色東方啟動城堡,紅色東方啟動城堡白巫師波符超頻白鏡,愛的白狗白色銀河季節,愛的白狗白色銀河季節紅色東方啟動城堡白巫師波符超頻白鏡,"諧波5 
共鳴的母體矩陣，自我調整協調的宇宙之火","第4股 第四超越之道
正在使用的時間
28澤風大過卦",,,18,白鏡,瑜伽士,402,海王星,太陽預言流(SP),電路2：共有的記憶本能,記憶出生打開進入靜心永恆之門,信號家族,太陽神經叢,,
19,6,韻律,19,藍風暴,韻律藍風暴,V01:H19,19,白巫師波符,白巫師波符韻律藍風暴,紅色東方啟動城堡,紅色東方啟動城堡白巫師波符韻律藍風暴,愛的白狗白色銀河季節,愛的白狗白色銀河季節紅色東方啟動城堡白巫師波符韻律藍風暴,"諧波5 
共鳴的母體矩陣，自我調整協調的宇宙之火","第4股 第四超越之道
正在使用的時間
28澤風大過卦",,,19,藍風暴,世界改革者,408,冥王星,太陽預言流(SP),電路1：阿爾法•歐米茄充電電路,擺脫蒙昧打開自然運生之門,通道家族,海底輪,,
20,7,共振,20,黃太陽,共振黃太陽,V01:H20,20,白巫師波符,白巫師波符共振黃太陽,紅色東方啟動城堡,紅色東方啟動城堡白巫師波符共振黃太陽,愛的白狗白色銀河季節,愛的白狗白色銀河季節紅色東方啟動城堡白巫師波符共振黃太陽,"諧波5 
共鳴的母體矩陣，自我調整協調的宇宙之火","第4股 第四超越之道
正在使用的時間
28澤風大過卦",,,20,黃太陽,開悟者,414,冥王星,銀河業力流(GK),電路1：阿爾法•歐米茄充電電路,擺脫蒙昧打開自然運生之門,極性家族,頂輪,,
21,8,銀河星系,1,紅龍,銀河星系紅龍,V02:H01,21,白巫師波符,白巫師波符銀河星系紅龍,紅色東方啟動城堡,紅色東方啟動城堡白巫師波符銀河星系紅龍,愛的白狗白色銀河季節,愛的白狗白色銀河季節紅色東方啟動城堡白巫師波符銀河星系紅龍,"諧波6 
光譜的輸入，賦予解脫的盛開","第5股 第五不可抑制之道
祈禱
34雷天大壯卦",,,,不指定,,,,,,,,,,
22,9,太陽,2,白風,太陽白風,V02:H02,22,白巫師波符,白巫師波符太陽白風,紅色東方啟動城堡,紅色東方啟動城堡白巫師波符太陽白風,愛的白狗白色銀河季節,愛的白狗白色銀河季節紅色東方啟動城堡白巫師波符太陽白風,"諧波6 
光譜的輸入，賦予解脫的盛開","第5股 第五不可抑制之道
祈禱
34雷天大壯卦",,,,,,,,,,,,,,
23,10,行星,3,藍夜,行星藍夜,V02:H03,23,白巫師波符,白巫師波符行星藍夜,紅色東方啟動城堡,紅色東方啟動城堡白巫師波符行星藍夜,愛的白狗白色銀河季節,愛的白狗白色銀河季節紅色東方啟動城堡白巫師波符行星藍夜,"諧波6 
光譜的輸入，賦予解脫的盛開","第5股 第五不可抑制之道
祈禱
34雷天大壯卦",,,,,,,,,,,,,,
24,11,光譜,4,黃種子,光譜黃種子,V02:H04,24,白巫師波符,白巫師波符光譜黃種子,紅色東方啟動城堡,紅色東方啟動城堡白巫師波符光譜黃種子,愛的白狗白色銀河季節,愛的白狗白色銀河季節紅色東方啟動城堡白巫師波符光譜黃種子,"諧波6 
光譜的輸入，賦予解脫的盛開","第5股 第五不可抑制之道
祈禱
34雷天大壯卦",,,,,,,,,,,,,,
25,12,水晶,5,紅蛇,水晶紅蛇,V02:H05,25,白巫師波符,白巫師波符水晶紅蛇,紅色東方啟動城堡,紅色東方啟動城堡白巫師波符水晶紅蛇,愛的白狗白色銀河季節,愛的白狗白色銀河季節紅色東方啟動城堡白巫師波符水晶紅蛇,"諧波7
月亮的儲存，記得挑戰的優雅","第7股 心電感應之道
時間之轉化
50火風鼎卦",,,,,,,,,,,,,,
26,13,宇宙,6,白世界橋,宇宙白世界橋,V02:H06,26,白巫師波符,白巫師波符宇宙白世界橋,紅色東方啟動城堡,紅色東方啟動城堡白巫師波符宇宙白世界橋,愛的白狗白色銀河季節,愛的白狗白色銀河季節紅色東方啟動城堡白巫師波符宇宙白世界橋,"諧波7
月亮的儲存，記得挑戰的優雅","第7股 心電感應之道
時間之轉化
50火風鼎卦",,,,,,,,,,,,,,
27,1,磁性,7,藍手,磁性藍手,V02:H07,27,藍手波符,藍手波符磁性藍手,紅色東方啟動城堡,紅色東方啟動城堡藍手波符磁性藍手,愛的白狗白色銀河季節,愛的白狗白色銀河季節紅色東方啟動城堡藍手波符磁性藍手,"諧波7
月亮的儲存，記得挑戰的優雅","第7股 心電感應之道
時間之轉化
50火風鼎卦",,,,,,,,,,,,,,
28,2,月亮,8,黃星星,月亮黃星星,V02:H08,28,藍手波符,藍手波符月亮黃星星,紅色東方啟動城堡,紅色東方啟動城堡藍手波符月亮黃星星,愛的白狗白色銀河季節,愛的白狗白色銀河季節紅色東方啟動城堡藍手波符月亮黃星星,"諧波7
月亮的儲存，記得挑戰的優雅","第7股 心電感應之道
時間之轉化
50火風鼎卦",,,,,,,,,,,,,,
29,3,電力,9,紅月,電力紅月,V02:H09,29,藍手波符,藍手波符電力紅月,紅色東方啟動城堡,紅色東方啟動城堡藍手波符電力紅月,愛的白狗白色銀河季節,愛的白狗白色銀河季節紅色東方啟動城堡藍手波符電力紅月,"諧波8
韻律的作用，構建均衡的自由意志","第2股 舉止之道
自律
09風天小畜卦",,,,,,,,,,,,,,
30,4,自我存在,10,白狗,自我存在白狗,V02:H10,30,藍手波符,藍手波符自我存在白狗,紅色東方啟動城堡,紅色東方啟動城堡藍手波符自我存在白狗,愛的白狗白色銀河季節,愛的白狗白色銀河季節紅色東方啟動城堡藍手波符自我存在白狗,"諧波8
韻律的作用，構建均衡的自由意志","第2股 舉止之道
自律
09風天小畜卦",,,,,,,,,,,,,,
31,5,超頻,11,藍猴,超頻藍猴,V02:H11,31,藍手波符,藍手波符超頻藍猴,紅色東方啟動城堡,紅色東方啟動城堡藍手波符超頻藍猴,愛的白狗白色銀河季節,愛的白狗白色銀河季節紅色東方啟動城堡藍手波符超頻藍猴,"諧波8
韻律的作用，構建均衡的自由意志","第2股 舉止之道
自律
09風天小畜卦",,,,,,,,,,,,,,
32,6,韻律,12,黃人,韻律黃人,V02:H12,32,藍手波符,藍手波符韻律黃人,紅色東方啟動城堡,紅色東方啟動城堡藍手波符韻律黃人,愛的白狗白色銀河季節,愛的白狗白色銀河季節紅色東方啟動城堡藍手波符韻律黃人,"諧波8
韻律的作用，構建均衡的自由意志","第2股 舉止之道
自律
09風天小畜卦",,,,,,,,,,,,,,
33,7,共振,13,紅天行者,共振紅天行者,V02:H13,33,藍手波符,藍手波符共振紅天行者,紅色東方啟動城堡,紅色東方啟動城堡藍手波符共振紅天行者,愛的白狗白色銀河季節,愛的白狗白色銀河季節紅色東方啟動城堡藍手波符共振紅天行者,"諧波9
行星的輸出，表現顯化的智能","第4股 第四超越之道
心智安忍
32雷風恆卦",,,,,,,,,,,,,,
34,8,銀河星系,14,白巫師,銀河星系白巫師,V02:H14,34,藍手波符,藍手波符銀河星系白巫師,紅色東方啟動城堡,紅色東方啟動城堡藍手波符銀河星系白巫師,愛的白狗白色銀河季節,愛的白狗白色銀河季節紅色東方啟動城堡藍手波符銀河星系白巫師,"諧波9
行星的輸出，表現顯化的智能","第4股 第四超越之道
心智安忍
32雷風恆卦",,,,,,,,,,,,,,
35,9,太陽,15,藍鷹,太陽藍鷹,V02:H15,35,藍手波符,藍手波符太陽藍鷹,紅色東方啟動城堡,紅色東方啟動城堡藍手波符太陽藍鷹,愛的白狗白色銀河季節,愛的白狗白色銀河季節紅色東方啟動城堡藍手波符太陽藍鷹,"諧波9
行星的輸出，表現顯化的智能","第4股 第四超越之道
心智安忍
32雷風恆卦",,,,,,,,,,,,,,
36,10,行星,16,黃戰士,行星黃戰士,V02:H16,36,藍手波符,藍手波符行星黃戰士,紅色東方啟動城堡,紅色東方啟動城堡藍手波符行星黃戰士,愛的白狗白色銀河季節,愛的白狗白色銀河季節紅色東方啟動城堡藍手波符行星黃戰士,"諧波9
行星的輸出，表現顯化的智能","第4股 第四超越之道
心智安忍
32雷風恆卦",,,,,,,,,,,,,,
37,11,光譜,17,紅地球,光譜紅地球,V02:H17,37,藍手波符,藍手波符光譜紅地球,紅色東方啟動城堡,紅色東方啟動城堡藍手波符光譜紅地球,愛的白狗白色銀河季節,愛的白狗白色銀河季節紅色東方啟動城堡藍手波符光譜紅地球,"諧波10
磁性的母體矩陣，自我調整目的的宇宙之火","第1股 樹之道
眾人匯聚
05水天需卦",,,,,,,,,,,,,,
38,12,水晶,18,白鏡,水晶白鏡,V02:H18,38,藍手波符,藍手波符水晶白鏡,紅色東方啟動城堡,紅色東方啟動城堡藍手波符水晶白鏡,愛的白狗白色銀河季節,愛的白狗白色銀河季節紅色東方啟動城堡藍手波符水晶白鏡,"諧波10
磁性的母體矩陣，自我調整目的的宇宙之火","第1股 樹之道
眾人匯聚
05水天需卦",,,,,,,,,,,,,,
39,13,宇宙,19,藍風暴,宇宙藍風暴,V02:H19,39,藍手波符,藍手波符宇宙藍風暴,紅色東方啟動城堡,紅色東方啟動城堡藍手波符宇宙藍風暴,愛的白狗白色銀河季節,愛的白狗白色銀河季節紅色東方啟動城堡藍手波符宇宙藍風暴,"諧波10
磁性的母體矩陣，自我調整目的的宇宙之火","第1股 樹之道
眾人匯聚
05水天需卦",,,,,,,,,,,,,,
40,1,磁性,20,黃太陽,磁性黃太陽,V02:H20,40,黃太陽波符,黃太陽波符磁性黃太陽,紅色東方啟動城堡,紅色東方啟動城堡黃太陽波符磁性黃太陽,愛的白狗白色銀河季節,愛的白狗白色銀河季節紅色東方啟動城堡黃太陽波符磁性黃太陽,"諧波10
磁性的母體矩陣，自我調整目的的宇宙之火","第1股 樹之道
眾人匯聚
05水天需卦",,,,,,,,,,,,,,
41,2,月亮,1,紅龍,月亮紅龍,V03:H01,41,黃太陽波符,黃太陽波符月亮紅龍,紅色東方啟動城堡,紅色東方啟動城堡黃太陽波符月亮紅龍,愛的白狗白色銀河季節,愛的白狗白色銀河季節紅色東方啟動城堡黃太陽波符月亮紅龍,"諧波11
超頻的輸入，賦予光芒四射的盛開","第8股 銀河星系的八度音階之道
呼吸的心智
57巽為風卦",,,,,,,,,,,,,,
42,3,電力,2,白風,電力白風,V03:H02,42,黃太陽波符,黃太陽波符電力白風,紅色東方啟動城堡,紅色東方啟動城堡黃太陽波符電力白風,愛的白狗白色銀河季節,愛的白狗白色銀河季節紅色東方啟動城堡黃太陽波符電力白風,"諧波11
超頻的輸入，賦予光芒四射的盛開","第8股 銀河星系的八度音階之道
呼吸的心智
57巽為風卦",,,,,,,,,,,,,,
43,4,自我存在,3,藍夜,自我存在藍夜,V03:H03,43,黃太陽波符,黃太陽波符自我存在藍夜,紅色東方啟動城堡,紅色東方啟動城堡黃太陽波符自我存在藍夜,愛的白狗白色銀河季節,愛的白狗白色銀河季節紅色東方啟動城堡黃太陽波符自我存在藍夜,"諧波11
超頻的輸入，賦予光芒四射的盛開","第8股 銀河星系的八度音階之道
呼吸的心智
57巽為風卦",,,,,,,,,,,,,,
44,5,超頻,4,黃種子,超頻黃種子,V03:H04,44,黃太陽波符,黃太陽波符超頻黃種子,紅色東方啟動城堡,紅色東方啟動城堡黃太陽波符超頻黃種子,愛的白狗白色銀河季節,愛的白狗白色銀河季節紅色東方啟動城堡黃太陽波符超頻黃種子,"諧波11
超頻的輸入，賦予光芒四射的盛開","第8股 銀河星系的八度音階之道
呼吸的心智
57巽為風卦",,,,,,,,,,,,,,
45,6,韻律,5,紅蛇,韻律紅蛇,V03:H05,45,黃太陽波符,黃太陽波符韻律紅蛇,紅色東方啟動城堡,紅色東方啟動城堡黃太陽波符韻律紅蛇,愛的白狗白色銀河季節,愛的白狗白色銀河季節紅色東方啟動城堡黃太陽波符韻律紅蛇,"諧波12
太陽的儲存，記得意圖的優雅","第4股 第四超越之道
時間之聖殿
26山天大畜卦",,,,,,,,,,,,,,
46,7,共振,6,白世界橋,共振白世界橋,V03:H06,46,黃太陽波符,黃太陽波符共振白世界橋,紅色東方啟動城堡,紅色東方啟動城堡黃太陽波符共振白世界橋,愛的白狗白色銀河季節,愛的白狗白色銀河季節紅色東方啟動城堡黃太陽波符共振白世界橋,"諧波12
太陽的儲存，記得意圖的優雅","第4股 第四超越之道
時間之聖殿
26山天大畜卦",,,,,,,,,,,,,,
47,8,銀河星系,7,藍手,銀河星系藍手,V03:H07,47,黃太陽波符,黃太陽波符銀河星系藍手,紅色東方啟動城堡,紅色東方啟動城堡黃太陽波符銀河星系藍手,愛的白狗白色銀河季節,愛的白狗白色銀河季節紅色東方啟動城堡黃太陽波符銀河星系藍手,"諧波12
太陽的儲存，記得意圖的優雅","第4股 第四超越之道
時間之聖殿
26山天大畜卦",,,,,,,,,,,,,,
48,9,太陽,8,黃星星,太陽黃星星,V03:H08,48,黃太陽波符,黃太陽波符太陽黃星星,紅色東方啟動城堡,紅色東方啟動城堡黃太陽波符太陽黃星星,愛的白狗白色銀河季節,愛的白狗白色銀河季節紅色東方啟動城堡黃太陽波符太陽黃星星,"諧波12
太陽的儲存，記得意圖的優雅","第4股 第四超越之道
時間之聖殿
26山天大畜卦",,,,,,,,,,,,,,
49,10,行星,9,紅月,行星紅月,V03:H09,49,黃太陽波符,黃太陽波符行星紅月,紅色東方啟動城堡,紅色東方啟動城堡黃太陽波符行星紅月,愛的白狗白色銀河季節,愛的白狗白色銀河季節紅色東方啟動城堡黃太陽波符行星紅月,"諧波13
宇宙的作用，構建當下的自由意志","第6股 動力建構之道
抵達源頭
48水風井卦",,,,,,,,,,,,,,
50,11,光譜,10,白狗,光譜白狗,V03:H10,50,黃太陽波符,黃太陽波符光譜白狗,紅色東方啟動城堡,紅色東方啟動城堡黃太陽波符光譜白狗,愛的白狗白色銀河季節,愛的白狗白色銀河季節紅色東方啟動城堡黃太陽波符光譜白狗,"諧波13
宇宙的作用，構建當下的自由意志","第6股 動力建構之道
抵達源頭
48水風井卦",,,,,,,,,,,,,,
51,12,水晶,11,藍猴,水晶藍猴,V03:H11,51,黃太陽波符,黃太陽波符水晶藍猴,紅色東方啟動城堡,紅色東方啟動城堡黃太陽波符水晶藍猴,愛的白狗白色銀河季節,愛的白狗白色銀河季節紅色東方啟動城堡黃太陽波符水晶藍猴,"諧波13
宇宙的作用，構建當下的自由意志","第6股 動力建構之道
抵達源頭
48水風井卦",,,,,,,,,,,,,,
52,13,宇宙,12,黃人,宇宙黃人,V03:H12,52,黃太陽波符,黃太陽波符宇宙黃人,紅色東方啟動城堡,紅色東方啟動城堡黃太陽波符宇宙黃人,愛的白狗白色銀河季節,愛的白狗白色銀河季節紅色東方啟動城堡黃太陽波符宇宙黃人,"諧波13
宇宙的作用，構建當下的自由意志","第6股 動力建構之道
抵達源頭
48水風井卦",,,,,,,,,,,,,,
53,1,磁性,13,紅天行者,磁性紅天行者,V03:H13,53,紅天行者波符,紅天行者波符磁性紅天行者,白色北方淨化城堡,白色北方淨化城堡紅天行者波符磁性紅天行者,愛的白狗白色銀河季節,愛的白狗白色銀河季節白色北方淨化城堡紅天行者波符磁性紅天行者,"諧波14
自我存在的輸出，表現形式的智能","第2股 舉止之道
動力生機
11地天泰卦",,,,,,,,,,,,,,
54,2,月亮,14,白巫師,月亮白巫師,V03:H14,54,紅天行者波符,紅天行者波符月亮白巫師,白色北方淨化城堡,白色北方淨化城堡紅天行者波符月亮白巫師,愛的白狗白色銀河季節,愛的白狗白色銀河季節白色北方淨化城堡紅天行者波符月亮白巫師,"諧波14
自我存在的輸出，表現形式的智能","第2股 舉止之道
動力生機
11地天泰卦",,,,,,,,,,,,,,
55,3,電力,15,藍鷹,電力藍鷹,V03:H15,55,紅天行者波符,紅天行者波符電力藍鷹,白色北方淨化城堡,白色北方淨化城堡紅天行者波符電力藍鷹,視野藍鷹藍色銀河季節,視野藍鷹藍色銀河季節白色北方淨化城堡紅天行者波符電力藍鷹,"諧波14
自我存在的輸出，表現形式的智能","第2股 舉止之道
動力生機
11地天泰卦",,,,,,,,,,,,,,
56,4,自我存在,16,黃戰士,自我存在黃戰士,V03:H16,56,紅天行者波符,紅天行者波符自我存在黃戰士,白色北方淨化城堡,白色北方淨化城堡紅天行者波符自我存在黃戰士,視野藍鷹藍色銀河季節,視野藍鷹藍色銀河季節白色北方淨化城堡紅天行者波符自我存在黃戰士,"諧波14
自我存在的輸出，表現形式的智能","第2股 舉止之道
動力生機
11地天泰卦",,,,,,,,,,,,,,
57,5,超頻,17,紅地球,超頻紅地球,V03:H17,57,紅天行者波符,紅天行者波符超頻紅地球,白色北方淨化城堡,白色北方淨化城堡紅天行者波符超頻紅地球,視野藍鷹藍色銀河季節,視野藍鷹藍色銀河季節白色北方淨化城堡紅天行者波符超頻紅地球,"諧波15
銀河星系的母體矩陣，自我調整完整的宇宙之火","第3股 行使力量之道
降伏心智
18山風蠱卦",,,,,,,,,,,,,,
58,6,韻律,18,白鏡,韻律白鏡,V03:H18,58,紅天行者波符,紅天行者波符韻律白鏡,白色北方淨化城堡,白色北方淨化城堡紅天行者波符韻律白鏡,視野藍鷹藍色銀河季節,視野藍鷹藍色銀河季節白色北方淨化城堡紅天行者波符韻律白鏡,"諧波15
銀河星系的母體矩陣，自我調整完整的宇宙之火","第3股 行使力量之道
降伏心智
18山風蠱卦",,,,,,,,,,,,,,
59,7,共振,19,藍風暴,共振藍風暴,V03:H19,59,紅天行者波符,紅天行者波符共振藍風暴,白色北方淨化城堡,白色北方淨化城堡紅天行者波符共振藍風暴,視野藍鷹藍色銀河季節,視野藍鷹藍色銀河季節白色北方淨化城堡紅天行者波符共振藍風暴,"諧波15
銀河星系的母體矩陣，自我調整完整的宇宙之火","第3股 行使力量之道
降伏心智
18山風蠱卦",,,,,,,,,,,,,,
60,8,銀河星系,20,黃太陽,銀河星系黃太陽,V03:H20,60,紅天行者波符,紅天行者波符銀河星系黃太陽,白色北方淨化城堡,白色北方淨化城堡紅天行者波符銀河星系黃太陽,視野藍鷹藍色銀河季節,視野藍鷹藍色銀河季節白色北方淨化城堡紅天行者波符銀河星系黃太陽,"諧波15
銀河星系的母體矩陣，自我調整完整的宇宙之火","第3股 行使力量之道
降伏心智
18山風蠱卦",,,,,,,,,,,,,,
61,9,太陽,1,紅龍,太陽紅龍,V04:H01,61,紅天行者波符,紅天行者波符太陽紅龍,白色北方淨化城堡,白色北方淨化城堡紅天行者波符太陽紅龍,視野藍鷹藍色銀河季節,視野藍鷹藍色銀河季節白色北方淨化城堡紅天行者波符太陽紅龍,"諧波16
水晶的輸入，賦予合作的盛開","第2股 舉止之道
履行實踐
10天澤履卦",,,,,,,,,,,,,,
62,10,行星,2,白風,行星白風,V04:H02,62,紅天行者波符,紅天行者波符行星白風,白色北方淨化城堡,白色北方淨化城堡紅天行者波符行星白風,視野藍鷹藍色銀河季節,視野藍鷹藍色銀河季節白色北方淨化城堡紅天行者波符行星白風,"諧波16
水晶的輸入，賦予合作的盛開","第2股 舉止之道
履行實踐
10天澤履卦",,,,,,,,,,,,,,
63,11,光譜,3,藍夜,光譜藍夜,V04:H03,63,紅天行者波符,紅天行者波符光譜藍夜,白色北方淨化城堡,白色北方淨化城堡紅天行者波符光譜藍夜,視野藍鷹藍色銀河季節,視野藍鷹藍色銀河季節白色北方淨化城堡紅天行者波符光譜藍夜,"諧波16
水晶的輸入，賦予合作的盛開","第2股 舉止之道
履行實踐
10天澤履卦",,,,,,,,,,,,,,
64,12,水晶,4,黃種子,水晶黃種子,V04:H04,64,紅天行者波符,紅天行者波符水晶黃種子,白色北方淨化城堡,白色北方淨化城堡紅天行者波符水晶黃種子,視野藍鷹藍色銀河季節,視野藍鷹藍色銀河季節白色北方淨化城堡紅天行者波符水晶黃種子,"諧波16
水晶的輸入，賦予合作的盛開","第2股 舉止之道
履行實踐
10天澤履卦",,,,,,,,,,,,,,
65,13,宇宙,5,紅蛇,宇宙紅蛇,V04:H05,65,紅天行者波符,紅天行者波符宇宙紅蛇,白色北方淨化城堡,白色北方淨化城堡紅天行者波符宇宙紅蛇,視野藍鷹藍色銀河季節,視野藍鷹藍色銀河季節白色北方淨化城堡紅天行者波符宇宙紅蛇,"諧波17
電力的儲存，記得服務的優雅","第6股 動力建構之道
璀璨虛空
46地風升卦",,,,,,,,,,,,,,
66,1,磁性,6,白世界橋,磁性白世界橋,V04:H06,66,白世界橋波符,白世界橋波符磁性白世界橋,白色北方淨化城堡,白色北方淨化城堡白世界橋波符磁性白世界橋,視野藍鷹藍色銀河季節,視野藍鷹藍色銀河季節白色北方淨化城堡白世界橋波符磁性白世界橋,"諧波17
電力的儲存，記得服務的優雅","第6股 動力建構之道
璀璨虛空
46地風升卦",,,,,,,,,,,,,,
67,2,月亮,7,藍手,月亮藍手,V04:H07,67,白世界橋波符,白世界橋波符月亮藍手,白色北方淨化城堡,白色北方淨化城堡白世界橋波符月亮藍手,視野藍鷹藍色銀河季節,視野藍鷹藍色銀河季節白色北方淨化城堡白世界橋波符月亮藍手,"諧波17
電力的儲存，記得服務的優雅","第6股 動力建構之道
璀璨虛空
46地風升卦",,,,,,,,,,,,,,
68,3,電力,8,黃星星,電力黃星星,V04:H08,68,白世界橋波符,白世界橋波符電力黃星星,白色北方淨化城堡,白色北方淨化城堡白世界橋波符電力黃星星,視野藍鷹藍色銀河季節,視野藍鷹藍色銀河季節白色北方淨化城堡白世界橋波符電力黃星星,"諧波17
電力的儲存，記得服務的優雅","第6股 動力建構之道
璀璨虛空
46地風升卦",,,,,,,,,,,,,,
69,4,自我存在,9,紅月,自我存在紅月,V04:H09,69,白世界橋波符,白世界橋波符自我存在紅月,白色北方淨化城堡,白色北方淨化城堡白世界橋波符自我存在紅月,視野藍鷹藍色銀河季節,視野藍鷹藍色銀河季節白色北方淨化城堡白世界橋波符自我存在紅月,"諧波18
共鳴的作用，構建協調的自由意志","第8股 銀河星系的八度音階之道
喜悅之光熱
58兌為澤卦",,,,,,,,,,,,,,
70,5,超頻,10,白狗,超頻白狗,V04:H10,70,白世界橋波符,白世界橋波符超頻白狗,白色北方淨化城堡,白色北方淨化城堡白世界橋波符超頻白狗,視野藍鷹藍色銀河季節,視野藍鷹藍色銀河季節白色北方淨化城堡白世界橋波符超頻白狗,"諧波18
共鳴的作用，構建協調的自由意志","第8股 銀河星系的八度音階之道
喜悅之光熱
58兌為澤卦",,,,,,,,,,,,,,
71,6,韻律,11,藍猴,韻律藍猴,V04:H11,71,白世界橋波符,白世界橋波符韻律藍猴,白色北方淨化城堡,白色北方淨化城堡白世界橋波符韻律藍猴,視野藍鷹藍色銀河季節,視野藍鷹藍色銀河季節白色北方淨化城堡白世界橋波符韻律藍猴,"諧波18
共鳴的作用，構建協調的自由意志","第8股 銀河星系的八度音階之道
喜悅之光熱
58兌為澤卦",,,,,,,,,,,,,,
72,7,共振,12,黃人,共振黃人,V04:H12,72,白世界橋波符,白世界橋波符共振黃人,白色北方淨化城堡,白色北方淨化城堡白世界橋波符共振黃人,視野藍鷹藍色銀河季節,視野藍鷹藍色銀河季節白色北方淨化城堡白世界橋波符共振黃人,"諧波18
共鳴的作用，構建協調的自由意志","第8股 銀河星系的八度音階之道
喜悅之光熱
58兌為澤卦",,,,,,,,,,,,,,
73,8,銀河星系,13,紅天行者,銀河星系紅天行者,V04:H13,73,白世界橋波符,白世界橋波符銀河星系紅天行者,白色北方淨化城堡,白色北方淨化城堡白世界橋波符銀河星系紅天行者,視野藍鷹藍色銀河季節,視野藍鷹藍色銀河季節白色北方淨化城堡白世界橋波符銀河星系紅天行者,"諧波19
光譜的輸出，表現解脫的智能","第1股 樹之道
眾人崩散
06天水訟卦",,,,,,,,,,,,,,
74,9,太陽,14,白巫師,太陽白巫師,V04:H14,74,白世界橋波符,白世界橋波符太陽白巫師,白色北方淨化城堡,白色北方淨化城堡白世界橋波符太陽白巫師,視野藍鷹藍色銀河季節,視野藍鷹藍色銀河季節白色北方淨化城堡白世界橋波符太陽白巫師,"諧波19
光譜的輸出，表現解脫的智能","第1股 樹之道
眾人崩散
06天水訟卦",,,,,,,,,,,,,,
75,10,行星,15,藍鷹,行星藍鷹,V04:H15,75,白世界橋波符,白世界橋波符行星藍鷹,白色北方淨化城堡,白色北方淨化城堡白世界橋波符行星藍鷹,視野藍鷹藍色銀河季節,視野藍鷹藍色銀河季節白色北方淨化城堡白世界橋波符行星藍鷹,"諧波19
光譜的輸出，表現解脫的智能","第1股 樹之道
眾人崩散
06天水訟卦",,,,,,,,,,,,,,
76,11,光譜,16,黃戰士,光譜黃戰士,V04:H16,76,白世界橋波符,白世界橋波符光譜黃戰士,白色北方淨化城堡,白色北方淨化城堡白世界橋波符光譜黃戰士,視野藍鷹藍色銀河季節,視野藍鷹藍色銀河季節白色北方淨化城堡白世界橋波符光譜黃戰士,"諧波19
光譜的輸出，表現解脫的智能","第1股 樹之道
眾人崩散
06天水訟卦",,,,,,,,,,,,,,
77,12,水晶,17,紅地球,水晶紅地球,V04:H17,77,白世界橋波符,白世界橋波符水晶紅地球,白色北方淨化城堡,白色北方淨化城堡白世界橋波符水晶紅地球,視野藍鷹藍色銀河季節,視野藍鷹藍色銀河季節白色北方淨化城堡白世界橋波符水晶紅地球,"諧波20
月亮的母體矩陣，自我調整挑戰的宇宙之火","第5股 第五不可抑制之道
辨別
38火澤睽卦",,,,,,,,,,,,,,
78,13,宇宙,18,白鏡,宇宙白鏡,V04:H18,78,白世界橋波符,白世界橋波符宇宙白鏡,白色北方淨化城堡,白色北方淨化城堡白世界橋波符宇宙白鏡,視野藍鷹藍色銀河季節,視野藍鷹藍色銀河季節白色北方淨化城堡白世界橋波符宇宙白鏡,"諧波20
月亮的母體矩陣，自我調整挑戰的宇宙之火","第5股 第五不可抑制之道
辨別
38火澤睽卦",,,,,,,,,,,,,,
79,1,磁性,19,藍風暴,磁性藍風暴,V04:H19,79,藍風暴波符,藍風暴波符磁性藍風暴,白色北方淨化城堡,白色北方淨化城堡藍風暴波符磁性藍風暴,視野藍鷹藍色銀河季節,視野藍鷹藍色銀河季節白色北方淨化城堡藍風暴波符磁性藍風暴,"諧波20
月亮的母體矩陣，自我調整挑戰的宇宙之火","第5股 第五不可抑制之道
辨別
38火澤睽卦",,,,,,,,,,,,,,
80,2,月亮,20,黃太陽,月亮黃太陽,V04:H20,80,藍風暴波符,藍風暴波符月亮黃太陽,白色北方淨化城堡,白色北方淨化城堡藍風暴波符月亮黃太陽,視野藍鷹藍色銀河季節,視野藍鷹藍色銀河季節白色北方淨化城堡藍風暴波符月亮黃太陽,"諧波20
月亮的母體矩陣，自我調整挑戰的宇宙之火","第5股 第五不可抑制之道
辨別
38火澤睽卦",,,,,,,,,,,,,,
81,3,電力,1,紅龍,電力紅龍,V05:H01,81,藍風暴波符,藍風暴波符電力紅龍,白色北方淨化城堡,白色北方淨化城堡藍風暴波符電力紅龍,視野藍鷹藍色銀河季節,視野藍鷹藍色銀河季節白色北方淨化城堡藍風暴波符電力紅龍,"諧波21
韻律的輸入，賦予均衡的盛開","第6股 動力建構之道
召喚源頭
47澤水困卦",,,,,,,,,,,,,,
82,4,自我存在,2,白風,自我存在白風,V05:H02,82,藍風暴波符,藍風暴波符自我存在白風,白色北方淨化城堡,白色北方淨化城堡藍風暴波符自我存在白風,視野藍鷹藍色銀河季節,視野藍鷹藍色銀河季節白色北方淨化城堡藍風暴波符自我存在白風,"諧波21
韻律的輸入，賦予均衡的盛開","第6股 動力建構之道
召喚源頭
47澤水困卦",,,,,,,,,,,,,,
83,5,超頻,3,藍夜,超頻藍夜,V05:H03,83,藍風暴波符,藍風暴波符超頻藍夜,白色北方淨化城堡,白色北方淨化城堡藍風暴波符超頻藍夜,視野藍鷹藍色銀河季節,視野藍鷹藍色銀河季節白色北方淨化城堡藍風暴波符超頻藍夜,"諧波21
韻律的輸入，賦予均衡的盛開","第6股 動力建構之道
召喚源頭
47澤水困卦",,,,,,,,,,,,,,
84,6,韻律,4,黃種子,韻律黃種子,V05:H04,84,藍風暴波符,藍風暴波符韻律黃種子,白色北方淨化城堡,白色北方淨化城堡藍風暴波符韻律黃種子,視野藍鷹藍色銀河季節,視野藍鷹藍色銀河季節白色北方淨化城堡藍風暴波符韻律黃種子,"諧波21
韻律的輸入，賦予均衡的盛開","第6股 動力建構之道
召喚源頭
47澤水困卦",,,,,,,,,,,,,,
85,7,共振,5,紅蛇,共振紅蛇,V05:H05,85,藍風暴波符,藍風暴波符共振紅蛇,白色北方淨化城堡,白色北方淨化城堡藍風暴波符共振紅蛇,視野藍鷹藍色銀河季節,視野藍鷹藍色銀河季節白色北方淨化城堡藍風暴波符共振紅蛇,"諧波22
行星的儲存，記得顯化的優雅","第7股 心電感應之道
超越
54雷澤歸妹卦",,,,,,,,,,,,,,
86,8,銀河星系,6,白世界橋,銀河星系白世界橋,V05:H06,86,藍風暴波符,藍風暴波符銀河星系白世界橋,白色北方淨化城堡,白色北方淨化城堡藍風暴波符銀河星系白世界橋,視野藍鷹藍色銀河季節,視野藍鷹藍色銀河季節白色北方淨化城堡藍風暴波符銀河星系白世界橋,"諧波22
行星的儲存，記得顯化的優雅","第7股 心電感應之道
超越
54雷澤歸妹卦",,,,,,,,,,,,,,
87,9,太陽,7,藍手,太陽藍手,V05:H07,87,藍風暴波符,藍風暴波符太陽藍手,白色北方淨化城堡,白色北方淨化城堡藍風暴波符太陽藍手,視野藍鷹藍色銀河季節,視野藍鷹藍色銀河季節白色北方淨化城堡藍風暴波符太陽藍手,"諧波22
行星的儲存，記得顯化的優雅","第7股 心電感應之道
超越
54雷澤歸妹卦",,,,,,,,,,,,,,
88,10,行星,8,黃星星,行星黃星星,V05:H08,88,藍風暴波符,藍風暴波符行星黃星星,白色北方淨化城堡,白色北方淨化城堡藍風暴波符行星黃星星,視野藍鷹藍色銀河季節,視野藍鷹藍色銀河季節白色北方淨化城堡藍風暴波符行星黃星星,"諧波22
行星的儲存，記得顯化的優雅","第7股 心電感應之道
超越
54雷澤歸妹卦",,,,,,,,,,,,,,
89,11,光譜,9,紅月,光譜紅月,V05:H09,89,藍風暴波符,藍風暴波符光譜紅月,白色北方淨化城堡,白色北方淨化城堡藍風暴波符光譜紅月,視野藍鷹藍色銀河季節,視野藍鷹藍色銀河季節白色北方淨化城堡藍風暴波符光譜紅月,"諧波23
磁性的作用，構建目的的自由意志","第8股 銀河星系八度音階之道
醞釀
64火水未濟卦",,,,,,,,,,,,,,
90,12,水晶,10,白狗,水晶白狗,V05:H10,90,藍風暴波符,藍風暴波符水晶白狗,白色北方淨化城堡,白色北方淨化城堡藍風暴波符水晶白狗,視野藍鷹藍色銀河季節,視野藍鷹藍色銀河季節白色北方淨化城堡藍風暴波符水晶白狗,"諧波23
磁性的作用，構建目的的自由意志","第8股 銀河星系八度音階之道
醞釀
64火水未濟卦",,,,,,,,,,,,,,
91,13,宇宙,11,藍猴,宇宙藍猴,V05:H11,91,藍風暴波符,藍風暴波符宇宙藍猴,白色北方淨化城堡,白色北方淨化城堡藍風暴波符宇宙藍猴,視野藍鷹藍色銀河季節,視野藍鷹藍色銀河季節白色北方淨化城堡藍風暴波符宇宙藍猴,"諧波23
磁性的作用，構建目的的自由意志","第8股 銀河星系八度音階之道
醞釀
64火水未濟卦",,,,,,,,,,,,,,
92,1,磁性,12,黃人,磁性黃人,V05:H12,92,黃人波符,黃人波符磁性黃人,白色北方淨化城堡,白色北方淨化城堡黃人波符磁性黃人,視野藍鷹藍色銀河季節,視野藍鷹藍色銀河季節白色北方淨化城堡黃人波符磁性黃人,"諧波23
磁性的作用，構建目的的自由意志","第8股 銀河星系八度音階之道
醞釀
64火水未濟卦",,,,,,,,,,,,,,
93,2,月亮,13,紅天行者,月亮紅天行者,V05:H13,93,黃人波符,黃人波符月亮紅天行者,白色北方淨化城堡,白色北方淨化城堡黃人波符月亮紅天行者,視野藍鷹藍色銀河季節,視野藍鷹藍色銀河季節白色北方淨化城堡黃人波符月亮紅天行者,"諧波24
超頻的輸出，表現光芒四射的智能","第8股 銀河星系八度音階之道
內在空間
61風澤中孚卦",,,,,,,,,,,,,,
94,3,電力,14,白巫師,電力白巫師,V05:H14,94,黃人波符,黃人波符電力白巫師,白色北方淨化城堡,白色北方淨化城堡黃人波符電力白巫師,視野藍鷹藍色銀河季節,視野藍鷹藍色銀河季節白色北方淨化城堡黃人波符電力白巫師,"諧波24
超頻的輸出，表現光芒四射的智能","第8股 銀河星系八度音階之道
內在空間
61風澤中孚卦",,,,,,,,,,,,,,
95,4,自我存在,15,藍鷹,自我存在藍鷹,V05:H15,95,黃人波符,黃人波符自我存在藍鷹,白色北方淨化城堡,白色北方淨化城堡黃人波符自我存在藍鷹,視野藍鷹藍色銀河季節,視野藍鷹藍色銀河季節白色北方淨化城堡黃人波符自我存在藍鷹,"諧波24
超頻的輸出，表現光芒四射的智能","第8股 銀河星系八度音階之道
內在空間
61風澤中孚卦",,,,,,,,,,,,,,
96,5,超頻,16,黃戰士,超頻黃戰士,V05:H16,96,黃人波符,黃人波符超頻黃戰士,白色北方淨化城堡,白色北方淨化城堡黃人波符超頻黃戰士,視野藍鷹藍色銀河季節,視野藍鷹藍色銀河季節白色北方淨化城堡黃人波符超頻黃戰士,"諧波24
超頻的輸出，表現光芒四射的智能","第8股 銀河星系八度音階之道
內在空間
61風澤中孚卦",,,,,,,,,,,,,,
97,6,韻律,17,紅地球,韻律紅地球,V05:H17,97,黃人波符,黃人波符韻律紅地球,白色北方淨化城堡,白色北方淨化城堡黃人波符韻律紅地球,視野藍鷹藍色銀河季節,視野藍鷹藍色銀河季節白色北方淨化城堡黃人波符韻律紅地球,"諧波25
太陽的母體矩陣，自我調整意圖的宇宙之火","第5股 第五不可抑制之道
心的釋放
40雷水解卦",,,,,,,,,,,,,,
98,7,共振,18,白鏡,共振白鏡,V05:H18,98,黃人波符,黃人波符共振白鏡,白色北方淨化城堡,白色北方淨化城堡黃人波符共振白鏡,視野藍鷹藍色銀河季節,視野藍鷹藍色銀河季節白色北方淨化城堡黃人波符共振白鏡,"諧波25
太陽的母體矩陣，自我調整意圖的宇宙之火","第5股 第五不可抑制之道
心的釋放
40雷水解卦",,,,,,,,,,,,,,
99,8,銀河星系,19,藍風暴,銀河星系藍風暴,V05:H19,99,黃人波符,黃人波符銀河星系藍風暴,白色北方淨化城堡,白色北方淨化城堡黃人波符銀河星系藍風暴,視野藍鷹藍色銀河季節,視野藍鷹藍色銀河季節白色北方淨化城堡黃人波符銀河星系藍風暴,"諧波25
太陽的母體矩陣，自我調整意圖的宇宙之火","第5股 第五不可抑制之道
心的釋放
40雷水解卦",,,,,,,,,,,,,,
100,9,太陽,20,黃太陽,太陽黃太陽,V05:H20,100,黃人波符,黃人波符太陽黃太陽,白色北方淨化城堡,白色北方淨化城堡黃人波符太陽黃太陽,視野藍鷹藍色銀河季節,視野藍鷹藍色銀河季節白色北方淨化城堡黃人波符太陽黃太陽,"諧波25
太陽的母體矩陣，自我調整意圖的宇宙之火","第5股 第五不可抑制之道
心的釋放
40雷水解卦",,,,,,,,,,,,,,
101,10,行星,1,紅龍,行星紅龍,V06:H01,101,黃人波符,黃人波符行星紅龍,白色北方淨化城堡,白色北方淨化城堡黃人波符行星紅龍,視野藍鷹藍色銀河季節,視野藍鷹藍色銀河季節白色北方淨化城堡黃人波符行星紅龍,"諧波26
宇宙的輸入，賦予存在的盛開","第8股 銀河星系八度音階之道
測量權衡
60水澤節卦",,,,,,,,,,,,,,
102,11,光譜,2,白風,光譜白風,V06:H02,102,黃人波符,黃人波符光譜白風,白色北方淨化城堡,白色北方淨化城堡黃人波符光譜白風,視野藍鷹藍色銀河季節,視野藍鷹藍色銀河季節白色北方淨化城堡黃人波符光譜白風,"諧波26
宇宙的輸入，賦予存在的盛開","第8股 銀河星系八度音階之道
測量權衡
60水澤節卦",,,,,,,,,,,,,,
103,12,水晶,3,藍夜,水晶藍夜,V06:H03,103,黃人波符,黃人波符水晶藍夜,白色北方淨化城堡,白色北方淨化城堡黃人波符水晶藍夜,視野藍鷹藍色銀河季節,視野藍鷹藍色銀河季節白色北方淨化城堡黃人波符水晶藍夜,"諧波26
宇宙的輸入，賦予存在的盛開","第8股 銀河星系八度音階之道
測量權衡
60水澤節卦",,,,,,,,,,,,,,
104,13,宇宙,4,黃種子,宇宙黃種子,V06:H04,104,黃人波符,黃人波符宇宙黃種子,白色北方淨化城堡,白色北方淨化城堡黃人波符宇宙黃種子,視野藍鷹藍色銀河季節,視野藍鷹藍色銀河季節白色北方淨化城堡黃人波符宇宙黃種子,"諧波26
宇宙的輸入，賦予存在的盛開","第8股 銀河星系八度音階之道
測量權衡
60水澤節卦",,,,,,,,,,,,,,
105,1,磁性,5,紅蛇,磁性紅蛇,V06:H05,105,紅蛇波符,紅蛇波符磁性紅蛇,藍色西方蛻變城堡,藍色西方蛻變城堡紅蛇波符磁性紅蛇,視野藍鷹藍色銀河季節,視野藍鷹藍色銀河季節藍色西方蛻變城堡紅蛇波符磁性紅蛇,"諧波27
自我存在的儲存，記得形式的優雅","第8股 銀河星系八度音階之道
消解
59風水渙卦",,,,,,,,,,,,,,
106,2,月亮,6,白世界橋,月亮白世界橋,V06:H06,106,紅蛇波符,紅蛇波符月亮白世界橋,藍色西方蛻變城堡,藍色西方蛻變城堡紅蛇波符月亮白世界橋,視野藍鷹藍色銀河季節,視野藍鷹藍色銀河季節藍色西方蛻變城堡紅蛇波符月亮白世界橋,"諧波27
自我存在的儲存，記得形式的優雅","第8股 銀河星系八度音階之道
消解
59風水渙卦",,,,,,,,,,,,,,
107,3,電力,7,藍手,電力藍手,V06:H07,107,紅蛇波符,紅蛇波符電力藍手,藍色西方蛻變城堡,藍色西方蛻變城堡紅蛇波符電力藍手,視野藍鷹藍色銀河季節,視野藍鷹藍色銀河季節藍色西方蛻變城堡紅蛇波符電力藍手,"諧波27
自我存在的儲存，記得形式的優雅","第8股 銀河星系八度音階之道
消解
59風水渙卦",,,,,,,,,,,,,,
108,4,自我存在,8,黃星星,自我存在黃星星,V06:H08,108,紅蛇波符,紅蛇波符自我存在黃星星,藍色西方蛻變城堡,藍色西方蛻變城堡紅蛇波符自我存在黃星星,視野藍鷹藍色銀河季節,視野藍鷹藍色銀河季節藍色西方蛻變城堡紅蛇波符自我存在黃星星,"諧波27
自我存在的儲存，記得形式的優雅","第8股 銀河星系八度音階之道
消解
59風水渙卦",,,,,,,,,,,,,,
109,5,超頻,9,紅月,超頻紅月,V06:H09,109,紅蛇波符,紅蛇波符超頻紅月,藍色西方蛻變城堡,藍色西方蛻變城堡紅蛇波符超頻紅月,視野藍鷹藍色銀河季節,視野藍鷹藍色銀河季節藍色西方蛻變城堡紅蛇波符超頻紅月,"諧波28
銀河星系的作用，構建完整的自由意志","第6股 動力建構之道
喜悅之聖殿
41山澤損卦",,,,,,,,,,,,,,
110,6,韻律,10,白狗,韻律白狗,V06:H10,110,紅蛇波符,紅蛇波符韻律白狗,藍色西方蛻變城堡,藍色西方蛻變城堡紅蛇波符韻律白狗,視野藍鷹藍色銀河季節,視野藍鷹藍色銀河季節藍色西方蛻變城堡紅蛇波符韻律白狗,"諧波28
銀河星系的作用，構建完整的自由意志","第6股 動力建構之道
喜悅之聖殿
41山澤損卦",,,,,,,,,,,,,,
111,7,共振,11,藍猴,共振藍猴,V06:H11,111,紅蛇波符,紅蛇波符共振藍猴,藍色西方蛻變城堡,藍色西方蛻變城堡紅蛇波符共振藍猴,視野藍鷹藍色銀河季節,視野藍鷹藍色銀河季節藍色西方蛻變城堡紅蛇波符共振藍猴,"諧波28
銀河星系的作用，構建完整的自由意志","第6股 動力建構之道
喜悅之聖殿
41山澤損卦",,,,,,,,,,,,,,
112,8,銀河星系,12,黃人,銀河星系黃人,V06:H12,112,紅蛇波符,紅蛇波符銀河星系黃人,藍色西方蛻變城堡,藍色西方蛻變城堡紅蛇波符銀河星系黃人,視野藍鷹藍色銀河季節,視野藍鷹藍色銀河季節藍色西方蛻變城堡紅蛇波符銀河星系黃人,"諧波28
銀河星系的作用，構建完整的自由意志","第6股 動力建構之道
喜悅之聖殿
41山澤損卦",,,,,,,,,,,,,,
113,9,太陽,13,紅天行者,太陽紅天行者,V06:H13,113,紅蛇波符,紅蛇波符太陽紅天行者,藍色西方蛻變城堡,藍色西方蛻變城堡紅蛇波符太陽紅天行者,視野藍鷹藍色銀河季節,視野藍鷹藍色銀河季節藍色西方蛻變城堡紅蛇波符太陽紅天行者,"諧波29
水晶的輸出，表現合作的智能","第4股 第四超越之道
心/月 水晶
29坎為水卦",,,,,,,,,,,,,,
114,10,行星,14,白巫師,行星白巫師,V06:H14,114,紅蛇波符,紅蛇波符行星白巫師,藍色西方蛻變城堡,藍色西方蛻變城堡紅蛇波符行星白巫師,視野藍鷹藍色銀河季節,視野藍鷹藍色銀河季節藍色西方蛻變城堡紅蛇波符行星白巫師,"諧波29
水晶的輸出，表現合作的智能","第4股 第四超越之道
心/月 水晶
29坎為水卦",,,,,,,,,,,,,,
115,11,光譜,15,藍鷹,光譜藍鷹,V06:H15,115,紅蛇波符,紅蛇波符光譜藍鷹,藍色西方蛻變城堡,藍色西方蛻變城堡紅蛇波符光譜藍鷹,視野藍鷹藍色銀河季節,視野藍鷹藍色銀河季節藍色西方蛻變城堡紅蛇波符光譜藍鷹,"諧波29
水晶的輸出，表現合作的智能","第4股 第四超越之道
心/月 水晶
29坎為水卦",,,,,,,,,,,,,,
116,12,水晶,16,黃戰士,水晶黃戰士,V06:H16,116,紅蛇波符,紅蛇波符水晶黃戰士,藍色西方蛻變城堡,藍色西方蛻變城堡紅蛇波符水晶黃戰士,視野藍鷹藍色銀河季節,視野藍鷹藍色銀河季節藍色西方蛻變城堡紅蛇波符水晶黃戰士,"諧波29
水晶的輸出，表現合作的智能","第4股 第四超越之道
心/月 水晶
29坎為水卦",,,,,,,,,,,,,,
117,13,宇宙,17,紅地球,宇宙紅地球,V06:H17,117,紅蛇波符,紅蛇波符宇宙紅地球,藍色西方蛻變城堡,藍色西方蛻變城堡紅蛇波符宇宙紅地球,視野藍鷹藍色銀河季節,視野藍鷹藍色銀河季節藍色西方蛻變城堡紅蛇波符宇宙紅地球,"諧波30
電力的母體矩陣，自我調整服務的宇宙之火","第3股 行使力量之道
巫師之志
19地澤臨卦",,,,,,,,,,,,,,
118,1,磁性,18,白鏡,磁性白鏡,V06:H18,118,白鏡波符,白鏡波符磁性白鏡,藍色西方蛻變城堡,藍色西方蛻變城堡白鏡波符磁性白鏡,視野藍鷹藍色銀河季節,視野藍鷹藍色銀河季節藍色西方蛻變城堡白鏡波符磁性白鏡,"諧波30
電力的母體矩陣，自我調整服務的宇宙之火","第3股 行使力量之道
巫師之志
19地澤臨卦",,,,,,,,,,,,,,
119,2,月亮,19,藍風暴,月亮藍風暴,V06:H19,119,白鏡波符,白鏡波符月亮藍風暴,藍色西方蛻變城堡,藍色西方蛻變城堡白鏡波符月亮藍風暴,視野藍鷹藍色銀河季節,視野藍鷹藍色銀河季節藍色西方蛻變城堡白鏡波符月亮藍風暴,"諧波30
電力的母體矩陣，自我調整服務的宇宙之火","第3股 行使力量之道
巫師之志
19地澤臨卦",,,,,,,,,,,,,,
120,3,電力,20,黃太陽,電力黃太陽,V06:H20,120,白鏡波符,白鏡波符電力黃太陽,藍色西方蛻變城堡,藍色西方蛻變城堡白鏡波符電力黃太陽,開悟黃太陽黃色銀河季節,開悟黃太陽黃色銀河季節藍色西方蛻變城堡白鏡波符電力黃太陽,"諧波30
電力的母體矩陣，自我調整服務的宇宙之火","第3股 行使力量之道
巫師之志
19地澤臨卦",,,,,,,,,,,,,,
121,4,自我存在,1,紅龍,自我存在紅龍,V07:H01,121,白鏡波符,白鏡波符自我存在紅龍,藍色西方蛻變城堡,藍色西方蛻變城堡白鏡波符自我存在紅龍,開悟黃太陽黃色銀河季節,開悟黃太陽黃色銀河季節藍色西方蛻變城堡白鏡波符自我存在紅龍,"諧波31 
共鳴的輸入，賦予協調的盛開","第1股 樹之道
再次凝聽
04山水蒙卦",,,,,,,,,,,,,,
122,5,超頻,2,白風,超頻白風,V07:H02,122,白鏡波符,白鏡波符超頻白風,藍色西方蛻變城堡,藍色西方蛻變城堡白鏡波符超頻白風,開悟黃太陽黃色銀河季節,開悟黃太陽黃色銀河季節藍色西方蛻變城堡白鏡波符超頻白風,"諧波31 
共鳴的輸入，賦予協調的盛開","第1股 樹之道
再次凝聽
04山水蒙卦",,,,,,,,,,,,,,
123,6,韻律,3,藍夜,韻律藍夜,V07:H03,123,白鏡波符,白鏡波符韻律藍夜,藍色西方蛻變城堡,藍色西方蛻變城堡白鏡波符韻律藍夜,開悟黃太陽黃色銀河季節,開悟黃太陽黃色銀河季節藍色西方蛻變城堡白鏡波符韻律藍夜,"諧波31 
共鳴的輸入，賦予協調的盛開","第1股 樹之道
再次凝聽
04山水蒙卦",,,,,,,,,,,,,,
124,7,共振,4,黃種子,共振黃種子,V07:H04,124,白鏡波符,白鏡波符共振黃種子,藍色西方蛻變城堡,藍色西方蛻變城堡白鏡波符共振黃種子,開悟黃太陽黃色銀河季節,開悟黃太陽黃色銀河季節藍色西方蛻變城堡白鏡波符共振黃種子,"諧波31 
共鳴的輸入，賦予協調的盛開","第1股 樹之道
再次凝聽
04山水蒙卦",,,,,,,,,,,,,,
125,8,銀河星系,5,紅蛇,銀河星系紅蛇,V07:H05,125,白鏡波符,白鏡波符銀河星系紅蛇,藍色西方蛻變城堡,藍色西方蛻變城堡白鏡波符銀河星系紅蛇,開悟黃太陽黃色銀河季節,開悟黃太陽黃色銀河季節藍色西方蛻變城堡白鏡波符銀河星系紅蛇,"諧波32
光譜的儲存，記得解脫的優雅","第2股 舉止之道
同心協力之眾人
13天火同人卦",,,,,,,,,,,,,,
126,9,太陽,6,白世界橋,太陽白世界橋,V07:H06,126,白鏡波符,白鏡波符太陽白世界橋,藍色西方蛻變城堡,藍色西方蛻變城堡白鏡波符太陽白世界橋,開悟黃太陽黃色銀河季節,開悟黃太陽黃色銀河季節藍色西方蛻變城堡白鏡波符太陽白世界橋,"諧波32
光譜的儲存，記得解脫的優雅","第2股 舉止之道
同心協力之眾人
13天火同人卦",,,,,,,,,,,,,,
127,10,行星,7,藍手,行星藍手,V07:H07,127,白鏡波符,白鏡波符行星藍手,藍色西方蛻變城堡,藍色西方蛻變城堡白鏡波符行星藍手,開悟黃太陽黃色銀河季節,開悟黃太陽黃色銀河季節藍色西方蛻變城堡白鏡波符行星藍手,"諧波32
光譜的儲存，記得解脫的優雅","第2股 舉止之道
同心協力之眾人
13天火同人卦",,,,,,,,,,,,,,
128,11,光譜,8,黃星星,光譜黃星星,V07:H08,128,白鏡波符,白鏡波符光譜黃星星,藍色西方蛻變城堡,藍色西方蛻變城堡白鏡波符光譜黃星星,開悟黃太陽黃色銀河季節,開悟黃太陽黃色銀河季節藍色西方蛻變城堡白鏡波符光譜黃星星,"諧波32
光譜的儲存，記得解脫的優雅","第2股 舉止之道
同心協力之眾人
13天火同人卦",,,,,,,,,,,,,,
129,12,水晶,9,紅月,水晶紅月,V07:H09,129,白鏡波符,白鏡波符水晶紅月,藍色西方蛻變城堡,藍色西方蛻變城堡白鏡波符水晶紅月,開悟黃太陽黃色銀河季節,開悟黃太陽黃色銀河季節藍色西方蛻變城堡白鏡波符水晶紅月,"諧波33
月亮的作用，構建挑戰的自由意志",,,,,,,,,,,,,,,
130,13,宇宙,10,白狗,宇宙白狗,V07:H10,130,白鏡波符,白鏡波符宇宙白狗,藍色西方蛻變城堡,藍色西方蛻變城堡白鏡波符宇宙白狗,開悟黃太陽黃色銀河季節,開悟黃太陽黃色銀河季節藍色西方蛻變城堡白鏡波符宇宙白狗,"諧波33
月亮的作用，構建挑戰的自由意志",,,,,,,,,,,,,,,
131,1,磁性,11,藍猴,磁性藍猴,V07:H11,131,藍猴波符,藍猴波符磁性藍猴,藍色西方蛻變城堡,藍色西方蛻變城堡藍猴波符磁性藍猴,開悟黃太陽黃色銀河季節,開悟黃太陽黃色銀河季節藍色西方蛻變城堡藍猴波符磁性藍猴,"諧波33
月亮的作用，構建挑戰的自由意志",,,,,,,,,,,,,,,
132,2,月亮,12,黃人,月亮黃人,V07:H12,132,藍猴波符,藍猴波符月亮黃人,藍色西方蛻變城堡,藍色西方蛻變城堡藍猴波符月亮黃人,開悟黃太陽黃色銀河季節,開悟黃太陽黃色銀河季節藍色西方蛻變城堡藍猴波符月亮黃人,"諧波33
月亮的作用，構建挑戰的自由意志",,,,,,,,,,,,,,,
133,3,電力,13,紅天行者,電力紅天行者,V07:H13,133,藍猴波符,藍猴波符電力紅天行者,藍色西方蛻變城堡,藍色西方蛻變城堡藍猴波符電力紅天行者,開悟黃太陽黃色銀河季節,開悟黃太陽黃色銀河季節藍色西方蛻變城堡藍猴波符電力紅天行者,"諧波34
韻律的輸出，表現均衡的智能","第1股 樹之道
眾人之力
07地水師卦",,,,,,,,,,,,,,
134,4,自我存在,14,白巫師,自我存在白巫師,V07:H14,134,藍猴波符,藍猴波符自我存在白巫師,藍色西方蛻變城堡,藍色西方蛻變城堡藍猴波符自我存在白巫師,開悟黃太陽黃色銀河季節,開悟黃太陽黃色銀河季節藍色西方蛻變城堡藍猴波符自我存在白巫師,"諧波34
韻律的輸出，表現均衡的智能","第1股 樹之道
眾人之力
07地水師卦",,,,,,,,,,,,,,
135,5,超頻,15,藍鷹,超頻藍鷹,V07:H15,135,藍猴波符,藍猴波符超頻藍鷹,藍色西方蛻變城堡,藍色西方蛻變城堡藍猴波符超頻藍鷹,開悟黃太陽黃色銀河季節,開悟黃太陽黃色銀河季節藍色西方蛻變城堡藍猴波符超頻藍鷹,"諧波34
韻律的輸出，表現均衡的智能","第1股 樹之道
眾人之力
07地水師卦",,,,,,,,,,,,,,
136,6,韻律,16,黃戰士,韻律黃戰士,V07:H16,136,藍猴波符,藍猴波符韻律黃戰士,藍色西方蛻變城堡,藍色西方蛻變城堡藍猴波符韻律黃戰士,開悟黃太陽黃色銀河季節,開悟黃太陽黃色銀河季節藍色西方蛻變城堡藍猴波符韻律黃戰士,"諧波34
韻律的輸出，表現均衡的智能","第1股 樹之道
眾人之力
07地水師卦",,,,,,,,,,,,,,
137,7,共振,17,紅地球,共振紅地球,V07:H17,137,藍猴波符,藍猴波符共振紅地球,藍色西方蛻變城堡,藍色西方蛻變城堡藍猴波符共振紅地球,開悟黃太陽黃色銀河季節,開悟黃太陽黃色銀河季節藍色西方蛻變城堡藍猴波符共振紅地球,"諧波35
行星的母體矩陣，自我調整顯化的宇宙之火","第7股 心電感應之道
時間之革命
49澤火革卦",,,,,,,,,,,,,,
138,8,銀河星系,18,白鏡,銀河星系白鏡,V07:H18,138,藍猴波符,藍猴波符銀河星系白鏡,藍色西方蛻變城堡,藍色西方蛻變城堡藍猴波符銀河星系白鏡,開悟黃太陽黃色銀河季節,開悟黃太陽黃色銀河季節藍色西方蛻變城堡藍猴波符銀河星系白鏡,"諧波35
行星的母體矩陣，自我調整顯化的宇宙之火","第7股 心電感應之道
時間之革命
49澤火革卦",,,,,,,,,,,,,,
139,9,太陽,19,藍風暴,太陽藍風暴,V07:H19,139,藍猴波符,藍猴波符太陽藍風暴,藍色西方蛻變城堡,藍色西方蛻變城堡藍猴波符太陽藍風暴,開悟黃太陽黃色銀河季節,開悟黃太陽黃色銀河季節藍色西方蛻變城堡藍猴波符太陽藍風暴,"諧波35
行星的母體矩陣，自我調整顯化的宇宙之火","第7股 心電感應之道
時間之革命
49澤火革卦",,,,,,,,,,,,,,
140,10,行星,20,黃太陽,行星黃太陽,V07:H20,140,藍猴波符,藍猴波符行星黃太陽,藍色西方蛻變城堡,藍色西方蛻變城堡藍猴波符行星黃太陽,開悟黃太陽黃色銀河季節,開悟黃太陽黃色銀河季節藍色西方蛻變城堡藍猴波符行星黃太陽,"諧波35
行星的母體矩陣，自我調整顯化的宇宙之火","第7股 心電感應之道
時間之革命
49澤火革卦",,,,,,,,,,,,,,
141,11,光譜,1,紅龍,光譜紅龍,V08:H01,141,藍猴波符,藍猴波符光譜紅龍,藍色西方蛻變城堡,藍色西方蛻變城堡藍猴波符光譜紅龍,開悟黃太陽黃色銀河季節,開悟黃太陽黃色銀河季節藍色西方蛻變城堡藍猴波符光譜紅龍,"諧波36
磁性的輸入，賦予目的的盛開","第5股 第五不可抑制之道
奉獻
33天山遯卦",,,,,,,,,,,,,,
142,12,水晶,2,白風,水晶白風,V08:H02,142,藍猴波符,藍猴波符水晶白風,藍色西方蛻變城堡,藍色西方蛻變城堡藍猴波符水晶白風,開悟黃太陽黃色銀河季節,開悟黃太陽黃色銀河季節藍色西方蛻變城堡藍猴波符水晶白風,"諧波36
磁性的輸入，賦予目的的盛開","第5股 第五不可抑制之道
奉獻
33天山遯卦",,,,,,,,,,,,,,
143,13,宇宙,3,藍夜,宇宙藍夜,V08:H03,143,藍猴波符,藍猴波符宇宙藍夜,藍色西方蛻變城堡,藍色西方蛻變城堡藍猴波符宇宙藍夜,開悟黃太陽黃色銀河季節,開悟黃太陽黃色銀河季節藍色西方蛻變城堡藍猴波符宇宙藍夜,"諧波36
磁性的輸入，賦予目的的盛開","第5股 第五不可抑制之道
奉獻
33天山遯卦",,,,,,,,,,,,,,
144,1,磁性,4,黃種子,磁性黃種子,V08:H04,144,黃種子波符,黃種子波符磁性黃種子,藍色西方蛻變城堡,藍色西方蛻變城堡黃種子波符磁性黃種子,開悟黃太陽黃色銀河季節,開悟黃太陽黃色銀河季節藍色西方蛻變城堡黃種子波符磁性黃種子,"諧波36
磁性的輸入，賦予目的的盛開","第5股 第五不可抑制之道
奉獻
33天山遯卦",,,,,,,,,,,,,,
145,2,月亮,5,紅蛇,月亮紅蛇,V08:H05,145,黃種子波符,黃種子波符月亮紅蛇,藍色西方蛻變城堡,藍色西方蛻變城堡黃種子波符月亮紅蛇,開悟黃太陽黃色銀河季節,開悟黃太陽黃色銀河季節藍色西方蛻變城堡黃種子波符月亮紅蛇,"諧波37 
超頻的儲存，記得光芒四射的優雅","第4股 第四超越之道
視野/太陽 水晶
30離為火卦",,,,,,,,,,,,,,
146,3,電力,6,白世界橋,電力白世界橋,V08:H06,146,黃種子波符,黃種子波符電力白世界橋,藍色西方蛻變城堡,藍色西方蛻變城堡黃種子波符電力白世界橋,開悟黃太陽黃色銀河季節,開悟黃太陽黃色銀河季節藍色西方蛻變城堡黃種子波符電力白世界橋,"諧波37 
超頻的儲存，記得光芒四射的優雅","第4股 第四超越之道
視野/太陽 水晶
30離為火卦",,,,,,,,,,,,,,
147,4,自我存在,7,藍手,自我存在藍手,V08:H07,147,黃種子波符,黃種子波符自我存在藍手,藍色西方蛻變城堡,藍色西方蛻變城堡黃種子波符自我存在藍手,開悟黃太陽黃色銀河季節,開悟黃太陽黃色銀河季節藍色西方蛻變城堡黃種子波符自我存在藍手,"諧波37 
超頻的儲存，記得光芒四射的優雅","第4股 第四超越之道
視野/太陽 水晶
30離為火卦",,,,,,,,,,,,,,
148,5,超頻,8,黃星星,超頻黃星星,V08:H08,148,黃種子波符,黃種子波符超頻黃星星,藍色西方蛻變城堡,藍色西方蛻變城堡黃種子波符超頻黃星星,開悟黃太陽黃色銀河季節,開悟黃太陽黃色銀河季節藍色西方蛻變城堡黃種子波符超頻黃星星,"諧波37 
超頻的儲存，記得光芒四射的優雅","第4股 第四超越之道
視野/太陽 水晶
30離為火卦",,,,,,,,,,,,,,
149,6,韻律,9,紅月,韻律紅月,V08:H09,149,黃種子波符,黃種子波符韻律紅月,藍色西方蛻變城堡,藍色西方蛻變城堡黃種子波符韻律紅月,開悟黃太陽黃色銀河季節,開悟黃太陽黃色銀河季節藍色西方蛻變城堡黃種子波符韻律紅月,"諧波38
太陽的作用，構建意圖的自由意志","第4股 第四超越之道
視野/太陽 水晶
離為火卦",,,,,,,,,,,,,,
150,7,共振,10,白狗,共振白狗,V08:H10,150,黃種子波符,黃種子波符共振白狗,藍色西方蛻變城堡,藍色西方蛻變城堡黃種子波符共振白狗,開悟黃太陽黃色銀河季節,開悟黃太陽黃色銀河季節藍色西方蛻變城堡黃種子波符共振白狗,"諧波38
太陽的作用，構建意圖的自由意志","第4股 第四超越之道
心智引發力
31澤山咸卦",,,,,,,,,,,,,,
151,8,銀河星系,11,藍猴,銀河星系藍猴,V08:H11,151,黃種子波符,黃種子波符銀河星系藍猴,藍色西方蛻變城堡,藍色西方蛻變城堡黃種子波符銀河星系藍猴,開悟黃太陽黃色銀河季節,開悟黃太陽黃色銀河季節藍色西方蛻變城堡黃種子波符銀河星系藍猴,"諧波38
太陽的作用，構建意圖的自由意志","第4股 第四超越之道
心智引發力
31澤山咸卦",,,,,,,,,,,,,,
152,9,太陽,12,黃人,太陽黃人,V08:H12,152,黃種子波符,黃種子波符太陽黃人,藍色西方蛻變城堡,藍色西方蛻變城堡黃種子波符太陽黃人,開悟黃太陽黃色銀河季節,開悟黃太陽黃色銀河季節藍色西方蛻變城堡黃種子波符太陽黃人,"諧波38
太陽的作用，構建意圖的自由意志","第4股 第四超越之道
心智引發力
31澤山咸卦",,,,,,,,,,,,,,
153,10,行星,13,紅天行者,行星紅天行者,V08:H13,153,黃種子波符,黃種子波符行星紅天行者,藍色西方蛻變城堡,藍色西方蛻變城堡黃種子波符行星紅天行者,開悟黃太陽黃色銀河季節,開悟黃太陽黃色銀河季節藍色西方蛻變城堡黃種子波符行星紅天行者,"諧波39
宇宙的輸出，表現存在的智能","第7股 心電感應之道
智慧喚醒了
55雷火豐卦",,,,,,,,,,,,,,
154,11,光譜,14,白巫師,光譜白巫師,V08:H14,154,黃種子波符,黃種子波符光譜白巫師,藍色西方蛻變城堡,藍色西方蛻變城堡黃種子波符光譜白巫師,開悟黃太陽黃色銀河季節,開悟黃太陽黃色銀河季節藍色西方蛻變城堡黃種子波符光譜白巫師,"諧波39
宇宙的輸出，表現存在的智能","第7股 心電感應之道
智慧喚醒了
55雷火豐卦",,,,,,,,,,,,,,
155,12,水晶,15,藍鷹,水晶藍鷹,V08:H15,155,黃種子波符,黃種子波符水晶藍鷹,藍色西方蛻變城堡,藍色西方蛻變城堡黃種子波符水晶藍鷹,開悟黃太陽黃色銀河季節,開悟黃太陽黃色銀河季節藍色西方蛻變城堡黃種子波符水晶藍鷹,"諧波39
宇宙的輸出，表現存在的智能","第7股 心電感應之道
智慧喚醒了
55雷火豐卦",,,,,,,,,,,,,,
156,13,宇宙,16,黃戰士,宇宙黃戰士,V08:H16,156,黃種子波符,黃種子波符宇宙黃戰士,藍色西方蛻變城堡,藍色西方蛻變城堡黃種子波符宇宙黃戰士,開悟黃太陽黃色銀河季節,開悟黃太陽黃色銀河季節藍色西方蛻變城堡黃種子波符宇宙黃戰士,"諧波39
宇宙的輸出，表現存在的智能","第7股 心電感應之道
智慧喚醒了
55雷火豐卦",,,,,,,,,,,,,,
157,1,磁性,17,紅地球,磁性紅地球,V08:H17,157,紅地球波符,紅地球波符磁性紅地球,黃色南方給予城堡,黃色南方給予城堡紅地球波符磁性紅地球,開悟黃太陽黃色銀河季節,開悟黃太陽黃色銀河季節黃色南方給予城堡紅地球波符磁性紅地球,"諧波40
自我存在的母體矩陣，自我調整形式的宇宙之火","第7股 心電感應之道
領航
56火山旅卦",,,,,,,,,,,,,,
158,2,月亮,18,白鏡,月亮白鏡,V08:H18,158,紅地球波符,紅地球波符月亮白鏡,黃色南方給予城堡,黃色南方給予城堡紅地球波符月亮白鏡,開悟黃太陽黃色銀河季節,開悟黃太陽黃色銀河季節黃色南方給予城堡紅地球波符月亮白鏡,"諧波40
自我存在的母體矩陣，自我調整形式的宇宙之火","第7股 心電感應之道
領航
56火山旅卦",,,,,,,,,,,,,,
159,3,電力,19,藍風暴,電力藍風暴,V08:H19,159,紅地球波符,紅地球波符電力藍風暴,黃色南方給予城堡,黃色南方給予城堡紅地球波符電力藍風暴,開悟黃太陽黃色銀河季節,開悟黃太陽黃色銀河季節黃色南方給予城堡紅地球波符電力藍風暴,"諧波40
自我存在的母體矩陣，自我調整形式的宇宙之火","第7股 心電感應之道
領航
56火山旅卦",,,,,,,,,,,,,,
160,4,自我存在,20,黃太陽,自我存在黃太陽,V08:H20,160,紅地球波符,紅地球波符自我存在黃太陽,黃色南方給予城堡,黃色南方給予城堡紅地球波符自我存在黃太陽,開悟黃太陽黃色銀河季節,開悟黃太陽黃色銀河季節黃色南方給予城堡紅地球波符自我存在黃太陽,"諧波40
自我存在的母體矩陣，自我調整形式的宇宙之火","第7股 心電感應之道
領航
56火山旅卦",,,,,,,,,,,,,,
161,5,超頻,1,紅龍,超頻紅龍,V09:H01,161,紅地球波符,紅地球波符超頻紅龍,黃色南方給予城堡,黃色南方給予城堡紅地球波符超頻紅龍,開悟黃太陽黃色銀河季節,開悟黃太陽黃色銀河季節黃色南方給予城堡紅地球波符超頻紅龍,"諧波41
銀河星系的輸入，賦予完整的盛開","第5股 第五不可抑制之道
家的力量
37風火家人卦",,,,,,,,,,,,,,
162,6,韻律,2,白風,韻律白風,V09:H02,162,紅地球波符,紅地球波符韻律白風,黃色南方給予城堡,黃色南方給予城堡紅地球波符韻律白風,開悟黃太陽黃色銀河季節,開悟黃太陽黃色銀河季節黃色南方給予城堡紅地球波符韻律白風,"諧波41
銀河星系的輸入，賦予完整的盛開","第5股 第五不可抑制之道
家的力量
37風火家人卦",,,,,,,,,,,,,,
163,7,共振,3,藍夜,共振藍夜,V09:H03,163,紅地球波符,紅地球波符共振藍夜,黃色南方給予城堡,黃色南方給予城堡紅地球波符共振藍夜,開悟黃太陽黃色銀河季節,開悟黃太陽黃色銀河季節黃色南方給予城堡紅地球波符共振藍夜,"諧波41
銀河星系的輸入，賦予完整的盛開","第5股 第五不可抑制之道
家的力量
37風火家人卦",,,,,,,,,,,,,,
164,8,銀河星系,4,黃種子,銀河星系黃種子,V09:H04,164,紅地球波符,紅地球波符銀河星系黃種子,黃色南方給予城堡,黃色南方給予城堡紅地球波符銀河星系黃種子,開悟黃太陽黃色銀河季節,開悟黃太陽黃色銀河季節黃色南方給予城堡紅地球波符銀河星系黃種子,"諧波41
銀河星系的輸入，賦予完整的盛開","第5股 第五不可抑制之道
家的力量
37風火家人卦",,,,,,,,,,,,,,
165,9,太陽,5,紅蛇,太陽紅蛇,V09:H05,165,紅地球波符,紅地球波符太陽紅蛇,黃色南方給予城堡,黃色南方給予城堡紅地球波符太陽紅蛇,開悟黃太陽黃色銀河季節,開悟黃太陽黃色銀河季節黃色南方給予城堡紅地球波符太陽紅蛇,"諧波42
水晶的儲存，記得合作的優雅","第8股 銀河星系八度音階之道
內在時間
62雷山小過卦",,,,,,,,,,,,,,
166,10,行星,6,白世界橋,行星白世界橋,V09:H06,166,紅地球波符,紅地球波符行星白世界橋,黃色南方給予城堡,黃色南方給予城堡紅地球波符行星白世界橋,開悟黃太陽黃色銀河季節,開悟黃太陽黃色銀河季節黃色南方給予城堡紅地球波符行星白世界橋,"諧波42
水晶的儲存，記得合作的優雅","第8股 銀河星系八度音階之道
內在時間
62雷山小過卦",,,,,,,,,,,,,,
167,11,光譜,7,藍手,光譜藍手,V09:H07,167,紅地球波符,紅地球波符光譜藍手,黃色南方給予城堡,黃色南方給予城堡紅地球波符光譜藍手,開悟黃太陽黃色銀河季節,開悟黃太陽黃色銀河季節黃色南方給予城堡紅地球波符光譜藍手,"諧波42
水晶的儲存，記得合作的優雅","第8股 銀河星系八度音階之道
內在時間
62雷山小過卦",,,,,,,,,,,,,,
168,12,水晶,8,黃星星,水晶黃星星,V09:H08,168,紅地球波符,紅地球波符水晶黃星星,黃色南方給予城堡,黃色南方給予城堡紅地球波符水晶黃星星,開悟黃太陽黃色銀河季節,開悟黃太陽黃色銀河季節黃色南方給予城堡紅地球波符水晶黃星星,"諧波42
水晶的儲存，記得合作的優雅","第8股 銀河星系八度音階之道
內在時間
62雷山小過卦",,,,,,,,,,,,,,
169,13,宇宙,9,紅月,宇宙紅月,V09:H09,169,紅地球波符,紅地球波符宇宙紅月,黃色南方給予城堡,黃色南方給予城堡紅地球波符宇宙紅月,開悟黃太陽黃色銀河季節,開悟黃太陽黃色銀河季節黃色南方給予城堡紅地球波符宇宙紅月,"諧波43
電力的作用，構建服務的自由意志","第8股 銀河星系八度音階之道
貫徹
63水火既濟卦",,,,,,,,,,,,,,
170,1,磁性,10,白狗,磁性白狗,V09:H10,170,白狗波符,白狗波符磁性白狗,黃色南方給予城堡,黃色南方給予城堡白狗波符磁性白狗,開悟黃太陽黃色銀河季節,開悟黃太陽黃色銀河季節黃色南方給予城堡白狗波符磁性白狗,"諧波43
電力的作用，構建服務的自由意志","第8股 銀河星系八度音階之道
貫徹
63水火既濟卦",,,,,,,,,,,,,,
171,2,月亮,11,藍猴,月亮藍猴,V09:H11,171,白狗波符,白狗波符月亮藍猴,黃色南方給予城堡,黃色南方給予城堡白狗波符月亮藍猴,開悟黃太陽黃色銀河季節,開悟黃太陽黃色銀河季節黃色南方給予城堡白狗波符月亮藍猴,"諧波43
電力的作用，構建服務的自由意志","第8股 銀河星系八度音階之道
貫徹
63水火既濟卦",,,,,,,,,,,,,,
172,3,電力,12,黃人,電力黃人,V09:H12,172,白狗波符,白狗波符電力黃人,黃色南方給予城堡,黃色南方給予城堡白狗波符電力黃人,開悟黃太陽黃色銀河季節,開悟黃太陽黃色銀河季節黃色南方給予城堡白狗波符電力黃人,"諧波43
電力的作用，構建服務的自由意志","第8股 銀河星系八度音階之道
貫徹
63水火既濟卦",,,,,,,,,,,,,,
173,4,自我存在,13,紅天行者,自我存在紅天行者,V09:H13,173,白狗波符,白狗波符自我存在紅天行者,黃色南方給予城堡,黃色南方給予城堡白狗波符自我存在紅天行者,開悟黃太陽黃色銀河季節,開悟黃太陽黃色銀河季節黃色南方給予城堡白狗波符自我存在紅天行者,"諧波44
共鳴的輸出，表現協調的智能","第7股 心電感應之道
進化
53風山漸卦",,,,,,,,,,,,,,
174,5,超頻,14,白巫師,超頻白巫師,V09:H14,174,白狗波符,白狗波符超頻白巫師,黃色南方給予城堡,黃色南方給予城堡白狗波符超頻白巫師,開悟黃太陽黃色銀河季節,開悟黃太陽黃色銀河季節黃色南方給予城堡白狗波符超頻白巫師,"諧波44
共鳴的輸出，表現協調的智能","第7股 心電感應之道
進化
53風山漸卦",,,,,,,,,,,,,,
175,6,韻律,15,藍鷹,韻律藍鷹,V09:H15,175,白狗波符,白狗波符韻律藍鷹,黃色南方給予城堡,黃色南方給予城堡白狗波符韻律藍鷹,開悟黃太陽黃色銀河季節,開悟黃太陽黃色銀河季節黃色南方給予城堡白狗波符韻律藍鷹,"諧波44
共鳴的輸出，表現協調的智能","第7股 心電感應之道
進化
53風山漸卦",,,,,,,,,,,,,,
176,7,共振,16,黃戰士,共振黃戰士,V09:H16,176,白狗波符,白狗波符共振黃戰士,黃色南方給予城堡,黃色南方給予城堡白狗波符共振黃戰士,開悟黃太陽黃色銀河季節,開悟黃太陽黃色銀河季節黃色南方給予城堡白狗波符共振黃戰士,"諧波44
共鳴的輸出，表現協調的智能","第7股 心電感應之道
進化
53風山漸卦",,,,,,,,,,,,,,
177,8,銀河星系,17,紅地球,銀河星系紅地球,V09:H17,177,白狗波符,白狗波符銀河星系紅地球,黃色南方給予城堡,黃色南方給予城堡白狗波符銀河星系紅地球,開悟黃太陽黃色銀河季節,開悟黃太陽黃色銀河季節黃色南方給予城堡白狗波符銀河星系紅地球,"諧波45
光譜的母體矩陣，自我調整解脫的宇宙之火","第3股 行使力量之道
視野之聖殿
22山火賁卦",,,,,,,,,,,,,,
178,9,太陽,18,白鏡,太陽白鏡,V09:H18,178,白狗波符,白狗波符太陽白鏡,黃色南方給予城堡,黃色南方給予城堡白狗波符太陽白鏡,開悟黃太陽黃色銀河季節,開悟黃太陽黃色銀河季節黃色南方給予城堡白狗波符太陽白鏡,"諧波45
光譜的母體矩陣，自我調整解脫的宇宙之火","第3股 行使力量之道
視野之聖殿
22山火賁卦",,,,,,,,,,,,,,
179,10,行星,19,藍風暴,行星藍風暴,V09:H19,179,白狗波符,白狗波符行星藍風暴,黃色南方給予城堡,黃色南方給予城堡白狗波符行星藍風暴,開悟黃太陽黃色銀河季節,開悟黃太陽黃色銀河季節黃色南方給予城堡白狗波符行星藍風暴,"諧波45
光譜的母體矩陣，自我調整解脫的宇宙之火","第3股 行使力量之道
視野之聖殿
22山火賁卦",,,,,,,,,,,,,,
180,11,光譜,20,黃太陽,光譜黃太陽,V09:H20,180,白狗波符,白狗波符光譜黃太陽,黃色南方給予城堡,黃色南方給予城堡白狗波符光譜黃太陽,開悟黃太陽黃色銀河季節,開悟黃太陽黃色銀河季節黃色南方給予城堡白狗波符光譜黃太陽,"諧波45
光譜的母體矩陣，自我調整解脫的宇宙之火","第3股 行使力量之道
視野之聖殿
22山火賁卦",,,,,,,,,,,,,,
181,12,水晶,1,紅龍,水晶紅龍,V10:H01,181,白狗波符,白狗波符水晶紅龍,黃色南方給予城堡,黃色南方給予城堡白狗波符水晶紅龍,開悟黃太陽黃色銀河季節,開悟黃太陽黃色銀河季節黃色南方給予城堡白狗波符水晶紅龍,"諧波46
月亮的輸入，賦予挑戰的盛開","第5股 第五不可抑制之道
心的自律
39水山蹇卦",,,,,,,,,,,,,,
182,13,宇宙,2,白風,宇宙白風,V10:H02,182,白狗波符,白狗波符宇宙白風,黃色南方給予城堡,黃色南方給予城堡白狗波符宇宙白風,開悟黃太陽黃色銀河季節,開悟黃太陽黃色銀河季節黃色南方給予城堡白狗波符宇宙白風,"諧波46
月亮的輸入，賦予挑戰的盛開","第5股 第五不可抑制之道
心的自律
39水山蹇卦",,,,,,,,,,,,,,
183,1,磁性,3,藍夜,磁性藍夜,V10:H03,183,藍夜波符,藍夜波符磁性藍夜,黃色南方給予城堡,黃色南方給予城堡藍夜波符磁性藍夜,開悟黃太陽黃色銀河季節,開悟黃太陽黃色銀河季節黃色南方給予城堡藍夜波符磁性藍夜,"諧波46
月亮的輸入，賦予挑戰的盛開","第5股 第五不可抑制之道
心的自律
39水山蹇卦",,,,,,,,,,,,,,
184,2,月亮,4,黃種子,月亮黃種子,V10:H04,184,藍夜波符,藍夜波符月亮黃種子,黃色南方給予城堡,黃色南方給予城堡藍夜波符月亮黃種子,開悟黃太陽黃色銀河季節,開悟黃太陽黃色銀河季節黃色南方給予城堡藍夜波符月亮黃種子,"諧波46
月亮的輸入，賦予挑戰的盛開","第5股 第五不可抑制之道
心的自律
39水山蹇卦",,,,,,,,,,,,,,
185,3,電力,5,紅蛇,電力紅蛇,V10:H05,185,藍夜波符,藍夜波符電力紅蛇,黃色南方給予城堡,黃色南方給予城堡藍夜波符電力紅蛇,生命力紅蛇紅色銀河季節,生命力紅蛇紅色銀河季節黃色南方給予城堡藍夜波符電力紅蛇,"諧波47
韻律的儲存，記得均衡的優雅","第5股 第五不可抑制之道
內在的光熱
36地火明夷卦",,,,,,,,,,,,,,
186,4,自我存在,6,白世界橋,自我存在白世界橋,V10:H06,186,藍夜波符,藍夜波符自我存在白世界橋,黃色南方給予城堡,黃色南方給予城堡藍夜波符自我存在白世界橋,生命力紅蛇紅色銀河季節,生命力紅蛇紅色銀河季節黃色南方給予城堡藍夜波符自我存在白世界橋,"諧波47
韻律的儲存，記得均衡的優雅","第5股 第五不可抑制之道
內在的光熱
36地火明夷卦",,,,,,,,,,,,,,
187,5,超頻,7,藍手,超頻藍手,V10:H07,187,藍夜波符,藍夜波符超頻藍手,黃色南方給予城堡,黃色南方給予城堡藍夜波符超頻藍手,生命力紅蛇紅色銀河季節,生命力紅蛇紅色銀河季節黃色南方給予城堡藍夜波符超頻藍手,"諧波47
韻律的儲存，記得均衡的優雅","第5股 第五不可抑制之道
內在的光熱
36地火明夷卦",,,,,,,,,,,,,,
188,6,韻律,8,黃星星,韻律黃星星,V10:H08,188,藍夜波符,藍夜波符韻律黃星星,黃色南方給予城堡,黃色南方給予城堡藍夜波符韻律黃星星,生命力紅蛇紅色銀河季節,生命力紅蛇紅色銀河季節黃色南方給予城堡藍夜波符韻律黃星星,"諧波47
韻律的儲存，記得均衡的優雅","第5股 第五不可抑制之道
內在的光熱
36地火明夷卦",,,,,,,,,,,,,,
189,7,共振,9,紅月,共振紅月,V10:H09,189,藍夜波符,藍夜波符共振紅月,黃色南方給予城堡,黃色南方給予城堡藍夜波符共振紅月,生命力紅蛇紅色銀河季節,生命力紅蛇紅色銀河季節黃色南方給予城堡藍夜波符共振紅月,"諧波48
行星的作用，構建顯化的自由意志","第7股 心電感應之道
靜心冥想/聖殿
52艮為山卦",,,,,,,,,,,,,,
190,8,銀河星系,10,白狗,銀河星系白狗,V10:H10,190,藍夜波符,藍夜波符銀河星系白狗,黃色南方給予城堡,黃色南方給予城堡藍夜波符銀河星系白狗,生命力紅蛇紅色銀河季節,生命力紅蛇紅色銀河季節黃色南方給予城堡藍夜波符銀河星系白狗,"諧波48
行星的作用，構建顯化的自由意志","第7股 心電感應之道
靜心冥想/聖殿
52艮為山卦",,,,,,,,,,,,,,
191,9,太陽,11,藍猴,太陽藍猴,V10:H11,191,藍夜波符,藍夜波符太陽藍猴,黃色南方給予城堡,黃色南方給予城堡藍夜波符太陽藍猴,生命力紅蛇紅色銀河季節,生命力紅蛇紅色銀河季節黃色南方給予城堡藍夜波符太陽藍猴,"諧波48
行星的作用，構建顯化的自由意志","第7股 心電感應之道
靜心冥想/聖殿
52艮為山卦",,,,,,,,,,,,,,
192,10,行星,12,黃人,行星黃人,V10:H12,192,藍夜波符,藍夜波符行星黃人,黃色南方給予城堡,黃色南方給予城堡藍夜波符行星黃人,生命力紅蛇紅色銀河季節,生命力紅蛇紅色銀河季節黃色南方給予城堡藍夜波符行星黃人,"諧波48
行星的作用，構建顯化的自由意志","第7股 心電感應之道
靜心冥想/聖殿
52艮為山卦",,,,,,,,,,,,,,
193,11,光譜,13,紅天行者,光譜紅天行者,V10:H13,193,藍夜波符,藍夜波符光譜紅天行者,黃色南方給予城堡,黃色南方給予城堡藍夜波符光譜紅天行者,生命力紅蛇紅色銀河季節,生命力紅蛇紅色銀河季節黃色南方給予城堡藍夜波符光譜紅天行者,"諧波49
磁性的輸出，表現目的的智能","第4股 第四超越之道
共時性
25天雷無妄卦",,,,,,,,,,,,,,
194,12,水晶,14,白巫師,水晶白巫師,V10:H14,194,藍夜波符,藍夜波符水晶白巫師,黃色南方給予城堡,黃色南方給予城堡藍夜波符水晶白巫師,生命力紅蛇紅色銀河季節,生命力紅蛇紅色銀河季節黃色南方給予城堡藍夜波符水晶白巫師,"諧波49
磁性的輸出，表現目的的智能","第4股 第四超越之道
共時性
25天雷無妄卦",,,,,,,,,,,,,,
195,13,宇宙,15,藍鷹,宇宙藍鷹,V10:H15,195,藍夜波符,藍夜波符宇宙藍鷹,黃色南方給予城堡,黃色南方給予城堡藍夜波符宇宙藍鷹,生命力紅蛇紅色銀河季節,生命力紅蛇紅色銀河季節黃色南方給予城堡藍夜波符宇宙藍鷹,"諧波49
磁性的輸出，表現目的的智能","第4股 第四超越之道
共時性
25天雷無妄卦",,,,,,,,,,,,,,
196,1,磁性,16,黃戰士,磁性黃戰士,V10:H16,196,黃戰士波符,黃戰士波符磁性黃戰士,黃色南方給予城堡,黃色南方給予城堡黃戰士波符磁性黃戰士,生命力紅蛇紅色銀河季節,生命力紅蛇紅色銀河季節黃色南方給予城堡黃戰士波符磁性黃戰士,"諧波49
磁性的輸出，表現目的的智能","第4股 第四超越之道
共時性
25天雷無妄卦",,,,,,,,,,,,,,
197,2,月亮,17,紅地球,月亮紅地球,V10:H17,197,黃戰士波符,黃戰士波符月亮紅地球,黃色南方給予城堡,黃色南方給予城堡黃戰士波符月亮紅地球,生命力紅蛇紅色銀河季節,生命力紅蛇紅色銀河季節黃色南方給予城堡黃戰士波符月亮紅地球,"諧波50
超頻的母體矩陣，自我調整光芒四射的宇宙之火","第2股 舉止之道
眾人之道
15地山謙卦",,,,,,,,,,,,,,
198,3,電力,18,白鏡,電力白鏡,V10:H18,198,黃戰士波符,黃戰士波符電力白鏡,黃色南方給予城堡,黃色南方給予城堡黃戰士波符電力白鏡,生命力紅蛇紅色銀河季節,生命力紅蛇紅色銀河季節黃色南方給予城堡黃戰士波符電力白鏡,"諧波50
超頻的母體矩陣，自我調整光芒四射的宇宙之火",S,,,,,,,,,,,,,,
199,4,自我存在,19,藍風暴,自我存在藍風暴,V10:H19,199,黃戰士波符,黃戰士波符自我存在藍風暴,黃色南方給予城堡,黃色南方給予城堡黃戰士波符自我存在藍風暴,生命力紅蛇紅色銀河季節,生命力紅蛇紅色銀河季節黃色南方給予城堡黃戰士波符自我存在藍風暴,"諧波50
超頻的母體矩陣，自我調整光芒四射的宇宙之火","第2股 舉止之道
眾人之道
15地山謙卦",,,,,,,,,,,,,,
200,5,超頻,20,黃太陽,超頻黃太陽,V10:H20,200,黃戰士波符,黃戰士波符超頻黃太陽,黃色南方給予城堡,黃色南方給予城堡黃戰士波符超頻黃太陽,生命力紅蛇紅色銀河季節,生命力紅蛇紅色銀河季節黃色南方給予城堡黃戰士波符超頻黃太陽,"諧波50
超頻的母體矩陣，自我調整光芒四射的宇宙之火","第2股 舉止之道
眾人之道
15地山謙卦",,,,,,,,,,,,,,
201,6,韻律,1,紅龍,韻律紅龍,V11:H01,201,黃戰士波符,黃戰士波符韻律紅龍,黃色南方給予城堡,黃色南方給予城堡黃戰士波符韻律紅龍,生命力紅蛇紅色銀河季節,生命力紅蛇紅色銀河季節黃色南方給予城堡黃戰士波符韻律紅龍,"諧波51
太陽的輸入，
賦予意圖的盛開","第3股 行使力量之道
喚起喜悅
17澤雷隨卦",,,,,,,,,,,,,,
202,7,共振,2,白風,共振白風,V11:H02,202,黃戰士波符,黃戰士波符共振白風,黃色南方給予城堡,黃色南方給予城堡黃戰士波符共振白風,生命力紅蛇紅色銀河季節,生命力紅蛇紅色銀河季節黃色南方給予城堡黃戰士波符共振白風,"諧波51
太陽的輸入，
賦予意圖的盛開","第3股 行使力量之道
喚起喜悅
17澤雷隨卦",,,,,,,,,,,,,,
203,8,銀河星系,3,藍夜,銀河星系藍夜,V11:H03,203,黃戰士波符,黃戰士波符銀河星系藍夜,黃色南方給予城堡,黃色南方給予城堡黃戰士波符銀河星系藍夜,生命力紅蛇紅色銀河季節,生命力紅蛇紅色銀河季節黃色南方給予城堡黃戰士波符銀河星系藍夜,"諧波51
太陽的輸入，
賦予意圖的盛開","第3股 行使力量之道
喚起喜悅
17澤雷隨卦",,,,,,,,,,,,,,
204,9,太陽,4,黃種子,太陽黃種子,V11:H04,204,黃戰士波符,黃戰士波符太陽黃種子,黃色南方給予城堡,黃色南方給予城堡黃戰士波符太陽黃種子,生命力紅蛇紅色銀河季節,生命力紅蛇紅色銀河季節黃色南方給予城堡黃戰士波符太陽黃種子,"諧波51
太陽的輸入，
賦予意圖的盛開","第3股 行使力量之道
喚起喜悅
17澤雷隨卦",,,,,,,,,,,,,,
205,10,行星,5,紅蛇,行星紅蛇,V11:H05,205,黃戰士波符,黃戰士波符行星紅蛇,黃色南方給予城堡,黃色南方給予城堡黃戰士波符行星紅蛇,生命力紅蛇紅色銀河季節,生命力紅蛇紅色銀河季節黃色南方給予城堡黃戰士波符行星紅蛇,"諧波52
宇宙的儲存，記得當下的優雅","第2股 舉止之道
穩固
12天地否卦",,,,,,,,,,,,,,
206,11,光譜,6,白世界橋,光譜白世界橋,V11:H06,206,黃戰士波符,黃戰士波符光譜白世界橋,黃色南方給予城堡,黃色南方給予城堡黃戰士波符光譜白世界橋,生命力紅蛇紅色銀河季節,生命力紅蛇紅色銀河季節黃色南方給予城堡黃戰士波符光譜白世界橋,"諧波52
宇宙的儲存，記得當下的優雅","第2股 舉止之道
穩固
12天地否卦",,,,,,,,,,,,,,
207,12,水晶,7,藍手,水晶藍手,V11:H07,207,黃戰士波符,黃戰士波符水晶藍手,黃色南方給予城堡,黃色南方給予城堡黃戰士波符水晶藍手,生命力紅蛇紅色銀河季節,生命力紅蛇紅色銀河季節黃色南方給予城堡黃戰士波符水晶藍手,"諧波52
宇宙的儲存，記得當下的優雅","第2股 舉止之道
穩固
12天地否卦",,,,,,,,,,,,,,
208,13,宇宙,8,黃星星,宇宙黃星星,V11:H08,208,黃戰士波符,黃戰士波符宇宙黃星星,黃色南方給予城堡,黃色南方給予城堡黃戰士波符宇宙黃星星,生命力紅蛇紅色銀河季節,生命力紅蛇紅色銀河季節黃色南方給予城堡黃戰士波符宇宙黃星星,"諧波52
宇宙的儲存，記得當下的優雅","第2股 舉止之道
穩固
12天地否卦",,,,,,,,,,,,,,
209,1,磁性,9,紅月,磁性紅月,V11:H09,209,紅月波符,紅月波符磁性紅月,綠色中央魔法城堡,綠色中央魔法城堡紅月波符磁性紅月,生命力紅蛇紅色銀河季節,生命力紅蛇紅色銀河季節綠色中央魔法城堡紅月波符磁性紅月,"諧波53
自我存在的作用，構建形式的自由意志","第3股 行使力量之道
激發視野
21火雷噬嗑卦",,,,,,,,,,,,,,
210,2,月亮,10,白狗,月亮白狗,V11:H10,210,紅月波符,紅月波符月亮白狗,綠色中央魔法城堡,綠色中央魔法城堡紅月波符月亮白狗,生命力紅蛇紅色銀河季節,生命力紅蛇紅色銀河季節綠色中央魔法城堡紅月波符月亮白狗,"諧波53
自我存在的作用，構建形式的自由意志","第3股 行使力量之道
激發視野
21火雷噬嗑卦",,,,,,,,,,,,,,
211,3,電力,11,藍猴,電力藍猴,V11:H11,211,紅月波符,紅月波符電力藍猴,綠色中央魔法城堡,綠色中央魔法城堡紅月波符電力藍猴,生命力紅蛇紅色銀河季節,生命力紅蛇紅色銀河季節綠色中央魔法城堡紅月波符電力藍猴,"諧波53
自我存在的作用，構建形式的自由意志","第3股 行使力量之道
激發視野
21火雷噬嗑卦",,,,,,,,,,,,,,
212,4,自我存在,12,黃人,自我存在黃人,V11:H12,212,紅月波符,紅月波符自我存在黃人,綠色中央魔法城堡,綠色中央魔法城堡紅月波符自我存在黃人,生命力紅蛇紅色銀河季節,生命力紅蛇紅色銀河季節綠色中央魔法城堡紅月波符自我存在黃人,"諧波53
自我存在的作用，構建形式的自由意志","第3股 行使力量之道
激發視野
21火雷噬嗑卦",,,,,,,,,,,,,,
213,5,超頻,13,紅天行者,超頻紅天行者,V11:H13,213,紅月波符,紅月波符超頻紅天行者,綠色中央魔法城堡,綠色中央魔法城堡紅月波符超頻紅天行者,生命力紅蛇紅色銀河季節,生命力紅蛇紅色銀河季節綠色中央魔法城堡紅月波符超頻紅天行者,"諧波54
銀河星系的輸出，表現完整的智能","第6股 動力建構之道
當下的海洋
45澤地萃卦",,,,,,,,,,,,,,
214,6,韻律,14,白巫師,韻律白巫師,V11:H14,214,紅月波符,紅月波符韻律白巫師,綠色中央魔法城堡,綠色中央魔法城堡紅月波符韻律白巫師,生命力紅蛇紅色銀河季節,生命力紅蛇紅色銀河季節綠色中央魔法城堡紅月波符韻律白巫師,"諧波54
銀河星系的輸出，表現完整的智能","第6股 動力建構之道
當下的海洋
45澤地萃卦",,,,,,,,,,,,,,
215,7,共振,15,藍鷹,共振藍鷹,V11:H15,215,紅月波符,紅月波符共振藍鷹,綠色中央魔法城堡,綠色中央魔法城堡紅月波符共振藍鷹,生命力紅蛇紅色銀河季節,生命力紅蛇紅色銀河季節綠色中央魔法城堡紅月波符共振藍鷹,"諧波54
銀河星系的輸出，表現完整的智能","第6股 動力建構之道
當下的海洋
45澤地萃卦",,,,,,,,,,,,,,
216,8,銀河星系,16,黃戰士,銀河星系黃戰士,V11:H16,216,紅月波符,紅月波符銀河星系黃戰士,綠色中央魔法城堡,綠色中央魔法城堡紅月波符銀河星系黃戰士,生命力紅蛇紅色銀河季節,生命力紅蛇紅色銀河季節綠色中央魔法城堡紅月波符銀河星系黃戰士,"諧波54
銀河星系的輸出，表現完整的智能","第6股 動力建構之道
當下的海洋
45澤地萃卦",,,,,,,,,,,,,,
217,9,太陽,17,紅地球,太陽紅地球,V11:H17,217,紅月波符,紅月波符太陽紅地球,綠色中央魔法城堡,綠色中央魔法城堡紅月波符太陽紅地球,生命力紅蛇紅色銀河季節,生命力紅蛇紅色銀河季節綠色中央魔法城堡紅月波符太陽紅地球,"諧波55
水晶的母體矩陣，自我調整合作的宇宙之火","第7股 心電感應之道
雷/喚醒存在
51震為雷卦",,,,,,,,,,,,,,
218,10,行星,18,白鏡,行星白鏡,V11:H18,218,紅月波符,紅月波符行星白鏡,綠色中央魔法城堡,綠色中央魔法城堡紅月波符行星白鏡,生命力紅蛇紅色銀河季節,生命力紅蛇紅色銀河季節綠色中央魔法城堡紅月波符行星白鏡,"諧波55
水晶的母體矩陣，自我調整合作的宇宙之火","第7股 心電感應之道
雷/喚醒存在
51震為雷卦",,,,,,,,,,,,,,
219,11,光譜,19,藍風暴,光譜藍風暴,V11:H19,219,紅月波符,紅月波符光譜藍風暴,綠色中央魔法城堡,綠色中央魔法城堡紅月波符光譜藍風暴,生命力紅蛇紅色銀河季節,生命力紅蛇紅色銀河季節綠色中央魔法城堡紅月波符光譜藍風暴,"諧波55
水晶的母體矩陣，自我調整合作的宇宙之火","第7股 心電感應之道
雷/喚醒存在
51震為雷卦",,,,,,,,,,,,,,
220,12,水晶,20,黃太陽,水晶黃太陽,V11:H20,220,紅月波符,紅月波符水晶黃太陽,綠色中央魔法城堡,綠色中央魔法城堡紅月波符水晶黃太陽,生命力紅蛇紅色銀河季節,生命力紅蛇紅色銀河季節綠色中央魔法城堡紅月波符水晶黃太陽,"諧波55
水晶的母體矩陣，自我調整合作的宇宙之火","第7股 心電感應之道
雷/喚醒存在
51震為雷卦",,,,,,,,,,,,,,
221,13,宇宙,1,紅龍,宇宙紅龍,V12:H01,221,紅月波符,紅月波符宇宙紅龍,綠色中央魔法城堡,綠色中央魔法城堡紅月波符宇宙紅龍,生命力紅蛇紅色銀河季節,生命力紅蛇紅色銀河季節綠色中央魔法城堡紅月波符宇宙紅龍,"諧波56
電力的輸入，賦予服務的盛開","第5股 第五不可抑制之道
心智擴展
35火地晉卦",,,,,,,,,,,,,,
222,1,磁性,2,白風,磁性白風,V12:H02,222,白風波符,白風波符磁性白風,綠色中央魔法城堡,綠色中央魔法城堡白風波符磁性白風,生命力紅蛇紅色銀河季節,生命力紅蛇紅色銀河季節綠色中央魔法城堡白風波符磁性白風,"諧波56
電力的輸入，賦予服務的盛開","第5股 第五不可抑制之道
心智擴展
35火地晉卦",,,,,,,,,,,,,,
223,2,月亮,3,藍夜,月亮藍夜,V12:H03,223,白風波符,白風波符月亮藍夜,綠色中央魔法城堡,綠色中央魔法城堡白風波符月亮藍夜,生命力紅蛇紅色銀河季節,生命力紅蛇紅色銀河季節綠色中央魔法城堡白風波符月亮藍夜,"諧波56
電力的輸入，賦予服務的盛開","第5股 第五不可抑制之道
心智擴展
35火地晉卦",,,,,,,,,,,,,,
224,3,電力,4,黃種子,電力黃種子,V12:H04,224,白風波符,白風波符電力黃種子,綠色中央魔法城堡,綠色中央魔法城堡白風波符電力黃種子,生命力紅蛇紅色銀河季節,生命力紅蛇紅色銀河季節綠色中央魔法城堡白風波符電力黃種子,"諧波56
電力的輸入，賦予服務的盛開","第5股 第五不可抑制之道
心智擴展
35火地晉卦",,,,,,,,,,,,,,
225,4,自我存在,5,紅蛇,自我存在紅蛇,V12:H05,225,白風波符,白風波符自我存在紅蛇,綠色中央魔法城堡,綠色中央魔法城堡白風波符自我存在紅蛇,生命力紅蛇紅色銀河季節,生命力紅蛇紅色銀河季節綠色中央魔法城堡白風波符自我存在紅蛇,"諧波57
共鳴的儲存，記得協調的優雅","第6股 動力建構之道
無線傳聲之道
42風雷益卦",,,,,,,,,,,,,,
226,5,超頻,6,白世界橋,超頻白世界橋,V12:H06,226,白風波符,白風波符超頻白世界橋,綠色中央魔法城堡,綠色中央魔法城堡白風波符超頻白世界橋,生命力紅蛇紅色銀河季節,生命力紅蛇紅色銀河季節綠色中央魔法城堡白風波符超頻白世界橋,"諧波57
共鳴的儲存，記得協調的優雅","第6股 動力建構之道
無線傳聲之道
42風雷益卦",,,,,,,,,,,,,,
227,6,韻律,7,藍手,韻律藍手,V12:H07,227,白風波符,白風波符韻律藍手,綠色中央魔法城堡,綠色中央魔法城堡白風波符韻律藍手,生命力紅蛇紅色銀河季節,生命力紅蛇紅色銀河季節綠色中央魔法城堡白風波符韻律藍手,"諧波57
共鳴的儲存，記得協調的優雅","第6股 動力建構之道
無線傳聲之道
42風雷益卦",,,,,,,,,,,,,,
228,7,共振,8,黃星星,共振黃星星,V12:H08,228,白風波符,白風波符共振黃星星,綠色中央魔法城堡,綠色中央魔法城堡白風波符共振黃星星,生命力紅蛇紅色銀河季節,生命力紅蛇紅色銀河季節綠色中央魔法城堡白風波符共振黃星星,"諧波57
共鳴的儲存，記得協調的優雅","第6股 動力建構之道
無線傳聲之道
42風雷益卦",,,,,,,,,,,,,,
229,8,銀河星系,9,紅月,銀河星系紅月,V12:H09,229,白風波符,白風波符銀河星系紅月,綠色中央魔法城堡,綠色中央魔法城堡白風波符銀河星系紅月,生命力紅蛇紅色銀河季節,生命力紅蛇紅色銀河季節綠色中央魔法城堡白風波符銀河星系紅月,"諧波58
光譜的作用，構建解脫的自由意志","第2股 舉止之道
眾人得勝
16雷地豫卦",,,,,,,,,,,,,,
230,9,太陽,10,白狗,太陽白狗,V12:H10,230,白風波符,白風波符太陽白狗,綠色中央魔法城堡,綠色中央魔法城堡白風波符太陽白狗,生命力紅蛇紅色銀河季節,生命力紅蛇紅色銀河季節綠色中央魔法城堡白風波符太陽白狗,"諧波58
光譜的作用，構建解脫的自由意志","第2股 舉止之道
眾人得勝
16雷地豫卦",,,,,,,,,,,,,,
231,10,行星,11,藍猴,行星藍猴,V12:H11,231,白風波符,白風波符行星藍猴,綠色中央魔法城堡,綠色中央魔法城堡白風波符行星藍猴,生命力紅蛇紅色銀河季節,生命力紅蛇紅色銀河季節綠色中央魔法城堡白風波符行星藍猴,"諧波58
光譜的作用，構建解脫的自由意志","第2股 舉止之道
眾人得勝
16雷地豫卦",,,,,,,,,,,,,,
232,11,光譜,12,黃人,光譜黃人,V12:H12,232,白風波符,白風波符光譜黃人,綠色中央魔法城堡,綠色中央魔法城堡白風波符光譜黃人,生命力紅蛇紅色銀河季節,生命力紅蛇紅色銀河季節綠色中央魔法城堡白風波符光譜黃人,"諧波58
光譜的作用，構建解脫的自由意志","第2股 舉止之道
眾人得勝
16雷地豫卦",,,,,,,,,,,,,,
233,12,水晶,13,紅天行者,水晶紅天行者,V12:H13,233,白風波符,白風波符水晶紅天行者,綠色中央魔法城堡,綠色中央魔法城堡白風波符水晶紅天行者,生命力紅蛇紅色銀河季節,生命力紅蛇紅色銀河季節綠色中央魔法城堡白風波符水晶紅天行者,"諧波59
月亮的輸出，表現挑戰的智能","第1股 樹之道
新生萌芽
03水雷屯卦",,,,,,,,,,,,,,
234,13,宇宙,14,白巫師,宇宙白巫師,V12:H14,234,白風波符,白風波符宇宙白巫師,綠色中央魔法城堡,綠色中央魔法城堡白風波符宇宙白巫師,生命力紅蛇紅色銀河季節,生命力紅蛇紅色銀河季節綠色中央魔法城堡白風波符宇宙白巫師,"諧波59
月亮的輸出，表現挑戰的智能","第1股 樹之道
新生萌芽
03水雷屯卦",,,,,,,,,,,,,,
235,1,磁性,15,藍鷹,磁性藍鷹,V12:H15,235,藍鷹波符,藍鷹波符磁性藍鷹,綠色中央魔法城堡,綠色中央魔法城堡藍鷹波符磁性藍鷹,生命力紅蛇紅色銀河季節,生命力紅蛇紅色銀河季節綠色中央魔法城堡藍鷹波符磁性藍鷹,"諧波59
月亮的輸出，表現挑戰的智能","第1股 樹之道
新生萌芽
03水雷屯卦",,,,,,,,,,,,,,
236,2,月亮,16,黃戰士,月亮黃戰士,V12:H16,236,藍鷹波符,藍鷹波符月亮黃戰士,綠色中央魔法城堡,綠色中央魔法城堡藍鷹波符月亮黃戰士,生命力紅蛇紅色銀河季節,生命力紅蛇紅色銀河季節綠色中央魔法城堡藍鷹波符月亮黃戰士,"諧波59
月亮的輸出，表現挑戰的智能","第1股 樹之道
新生萌芽
03水雷屯卦",,,,,,,,,,,,,,
237,3,電力,17,紅地球,電力紅地球,V12:H17,237,藍鷹波符,藍鷹波符電力紅地球,綠色中央魔法城堡,綠色中央魔法城堡藍鷹波符電力紅地球,生命力紅蛇紅色銀河季節,生命力紅蛇紅色銀河季節綠色中央魔法城堡藍鷹波符電力紅地球,"諧波60
韻律的母體矩陣，自我調整均衡的宇宙之火","第3股 行使力量之道
巫師之沉思
20風地觀卦",,,,,,,,,,,,,,
238,4,自我存在,18,白鏡,自我存在白鏡,V12:H18,238,藍鷹波符,藍鷹波符自我存在白鏡,綠色中央魔法城堡,綠色中央魔法城堡藍鷹波符自我存在白鏡,生命力紅蛇紅色銀河季節,生命力紅蛇紅色銀河季節綠色中央魔法城堡藍鷹波符自我存在白鏡,"諧波60
韻律的母體矩陣，自我調整均衡的宇宙之火","第3股 行使力量之道
巫師之沉思
20風地觀卦",,,,,,,,,,,,,,
239,5,超頻,19,藍風暴,超頻藍風暴,V12:H19,239,藍鷹波符,藍鷹波符超頻藍風暴,綠色中央魔法城堡,綠色中央魔法城堡藍鷹波符超頻藍風暴,生命力紅蛇紅色銀河季節,生命力紅蛇紅色銀河季節綠色中央魔法城堡藍鷹波符超頻藍風暴,"諧波60
韻律的母體矩陣，自我調整均衡的宇宙之火","第3股 行使力量之道
巫師之沉思
20風地觀卦",,,,,,,,,,,,,,
240,6,韻律,20,黃太陽,韻律黃太陽,V12:H20,240,藍鷹波符,藍鷹波符韻律黃太陽,綠色中央魔法城堡,綠色中央魔法城堡藍鷹波符韻律黃太陽,生命力紅蛇紅色銀河季節,生命力紅蛇紅色銀河季節綠色中央魔法城堡藍鷹波符韻律黃太陽,"諧波60
韻律的母體矩陣，自我調整均衡的宇宙之火","第3股 行使力量之道
巫師之沉思
20風地觀卦",,,,,,,,,,,,,,
241,7,共振,1,紅龍,共振紅龍,V13:H01,241,藍鷹波符,藍鷹波符共振紅龍,綠色中央魔法城堡,綠色中央魔法城堡藍鷹波符共振紅龍,生命力紅蛇紅色銀河季節,生命力紅蛇紅色銀河季節綠色中央魔法城堡藍鷹波符共振紅龍,"諧波61
行星的輸入，賦予顯化的盛開","第4股 第四超越之道
存在之聖殿
27山雷頤卦",,,,,,,,,,,,,,
242,8,銀河星系,2,白風,銀河星系白風,V13:H02,242,藍鷹波符,藍鷹波符銀河星系白風,綠色中央魔法城堡,綠色中央魔法城堡藍鷹波符銀河星系白風,生命力紅蛇紅色銀河季節,生命力紅蛇紅色銀河季節綠色中央魔法城堡藍鷹波符銀河星系白風,"諧波61
行星的輸入，賦予顯化的盛開","第4股 第四超越之道
存在之聖殿
27山雷頤卦",,,,,,,,,,,,,,
243,9,太陽,3,藍夜,太陽藍夜,V13:H03,243,藍鷹波符,藍鷹波符太陽藍夜,綠色中央魔法城堡,綠色中央魔法城堡藍鷹波符太陽藍夜,生命力紅蛇紅色銀河季節,生命力紅蛇紅色銀河季節綠色中央魔法城堡藍鷹波符太陽藍夜,"諧波61
行星的輸入，賦予顯化的盛開","第4股 第四超越之道
存在之聖殿
27山雷頤卦",,,,,,,,,,,,,,
244,10,行星,4,黃種子,行星黃種子,V13:H04,244,藍鷹波符,藍鷹波符行星黃種子,綠色中央魔法城堡,綠色中央魔法城堡藍鷹波符行星黃種子,生命力紅蛇紅色銀河季節,生命力紅蛇紅色銀河季節綠色中央魔法城堡藍鷹波符行星黃種子,"諧波61
行星的輸入，賦予顯化的盛開","第4股 第四超越之道
存在之聖殿
27山雷頤卦",,,,,,,,,,,,,,
245,11,光譜,5,紅蛇,光譜紅蛇,V13:H05,245,藍鷹波符,藍鷹波符光譜紅蛇,綠色中央魔法城堡,綠色中央魔法城堡藍鷹波符光譜紅蛇,生命力紅蛇紅色銀河季節,生命力紅蛇紅色銀河季節綠色中央魔法城堡藍鷹波符光譜紅蛇,"諧波62
磁性的儲存，記得目的的優雅","第1股 樹之道
眾人團結
08水地比卦",,,,,,,,,,,,,,
246,12,水晶,6,白世界橋,水晶白世界橋,V13:H06,246,藍鷹波符,藍鷹波符水晶白世界橋,綠色中央魔法城堡,綠色中央魔法城堡藍鷹波符水晶白世界橋,生命力紅蛇紅色銀河季節,生命力紅蛇紅色銀河季節綠色中央魔法城堡藍鷹波符水晶白世界橋,"諧波62
磁性的儲存，記得目的的優雅","第1股 樹之道
眾人團結
08水地比卦",,,,,,,,,,,,,,
247,13,宇宙,7,藍手,宇宙藍手,V13:H07,247,藍鷹波符,藍鷹波符宇宙藍手,綠色中央魔法城堡,綠色中央魔法城堡藍鷹波符宇宙藍手,生命力紅蛇紅色銀河季節,生命力紅蛇紅色銀河季節綠色中央魔法城堡藍鷹波符宇宙藍手,"諧波62
磁性的儲存，記得目的的優雅","第1股 樹之道
眾人團結
08水地比卦",,,,,,,,,,,,,,
248,1,磁性,8,黃星星,磁性黃星星,V13:H08,248,黃星星波符,黃星星波符磁性黃星星,綠色中央魔法城堡,綠色中央魔法城堡黃星星波符磁性黃星星,生命力紅蛇紅色銀河季節,生命力紅蛇紅色銀河季節綠色中央魔法城堡黃星星波符磁性黃星星,"諧波62
磁性的儲存，記得目的的優雅","第1股 樹之道
眾人團結
08水地比卦",,,,,,,,,,,,,,
249,2,月亮,9,紅月,月亮紅月,V13:H09,249,黃星星波符,黃星星波符月亮紅月,綠色中央魔法城堡,綠色中央魔法城堡黃星星波符月亮紅月,生命力紅蛇紅色銀河季節,生命力紅蛇紅色銀河季節綠色中央魔法城堡黃星星波符月亮紅月,"諧波63
超頻的作用，構建光芒四射的自由意志","第3股 行使力量之道
榮歸
24地雷復卦",,,,,,,,,,,,,,
250,3,電力,10,白狗,電力白狗,V13:H10,250,黃星星波符,黃星星波符電力白狗,綠色中央魔法城堡,綠色中央魔法城堡黃星星波符電力白狗,愛的白狗白色銀河季節,愛的白狗白色銀河季節綠色中央魔法城堡黃星星波符電力白狗,"諧波63
超頻的作用，構建光芒四射的自由意志","第3股 行使力量之道
榮歸
24地雷復卦",,,,,,,,,,,,,,
251,4,自我存在,11,藍猴,自我存在藍猴,V13:H11,251,黃星星波符,黃星星波符自我存在藍猴,綠色中央魔法城堡,綠色中央魔法城堡黃星星波符自我存在藍猴,愛的白狗白色銀河季節,愛的白狗白色銀河季節綠色中央魔法城堡黃星星波符自我存在藍猴,"諧波63
超頻的作用，構建光芒四射的自由意志","第3股 行使力量之道
榮歸
24地雷復卦",,,,,,,,,,,,,,
252,5,超頻,12,黃人,超頻黃人,V13:H12,252,黃星星波符,黃星星波符超頻黃人,綠色中央魔法城堡,綠色中央魔法城堡黃星星波符超頻黃人,愛的白狗白色銀河季節,愛的白狗白色銀河季節綠色中央魔法城堡黃星星波符超頻黃人,"諧波63
超頻的作用，構建光芒四射的自由意志","第3股 行使力量之道
榮歸
24地雷復卦",,,,,,,,,,,,,,
253,6,韻律,13,紅天行者,韻律紅天行者,V13:H13,253,黃星星波符,黃星星波符韻律紅天行者,綠色中央魔法城堡,綠色中央魔法城堡黃星星波符韻律紅天行者,愛的白狗白色銀河季節,愛的白狗白色銀河季節綠色中央魔法城堡黃星星波符韻律紅天行者,"諧波64
太陽的輸出，表現意圖的智能","第3股 行使力量之道
心智之釋放
23山地剝卦",,,,,,,,,,,,,,
254,7,共振,14,白巫師,共振白巫師,V13:H14,254,黃星星波符,黃星星波符共振白巫師,綠色中央魔法城堡,綠色中央魔法城堡黃星星波符共振白巫師,愛的白狗白色銀河季節,愛的白狗白色銀河季節綠色中央魔法城堡黃星星波符共振白巫師,"諧波64
太陽的輸出，表現意圖的智能","第3股 行使力量之道
心智之釋放
23山地剝卦",,,,,,,,,,,,,,
255,8,銀河星系,15,藍鷹,銀河星系藍鷹,V13:H15,255,黃星星波符,黃星星波符銀河星系藍鷹,綠色中央魔法城堡,綠色中央魔法城堡黃星星波符銀河星系藍鷹,愛的白狗白色銀河季節,愛的白狗白色銀河季節綠色中央魔法城堡黃星星波符銀河星系藍鷹,"諧波64
太陽的輸出，表現意圖的智能","第3股 行使力量之道
心智之釋放
23山地剝卦",,,,,,,,,,,,,,
256,9,太陽,16,黃戰士,太陽黃戰士,V13:H16,256,黃星星波符,黃星星波符太陽黃戰士,綠色中央魔法城堡,綠色中央魔法城堡黃星星波符太陽黃戰士,愛的白狗白色銀河季節,愛的白狗白色銀河季節綠色中央魔法城堡黃星星波符太陽黃戰士,"諧波64
太陽的輸出，表現意圖的智能","第3股 行使力量之道
心智之釋放
23山地剝卦",,,,,,,,,,,,,,
257,10,行星,17,紅地球,行星紅地球,V13:H17,257,黃星星波符,黃星星波符行星紅地球,綠色中央魔法城堡,綠色中央魔法城堡黃星星波符行星紅地球,愛的白狗白色銀河季節,愛的白狗白色銀河季節綠色中央魔法城堡黃星星波符行星紅地球,"諧波65
宇宙的母體矩陣，自我調整當下的宇宙之火","第1股 樹之道
初始母體
02坤為地卦",,,,,,,,,,,,,,
258,11,光譜,18,白鏡,光譜白鏡,V13:H18,258,黃星星波符,黃星星波符光譜白鏡,綠色中央魔法城堡,綠色中央魔法城堡黃星星波符光譜白鏡,愛的白狗白色銀河季節,愛的白狗白色銀河季節綠色中央魔法城堡黃星星波符光譜白鏡,"諧波65
宇宙的母體矩陣，自我調整當下的宇宙之火","第1股 樹之道
初始母體
02坤為地卦",,,,,,,,,,,,,,
259,12,水晶,19,藍風暴,水晶藍風暴,V13:H19,259,黃星星波符,黃星星波符水晶藍風暴,綠色中央魔法城堡,綠色中央魔法城堡黃星星波符水晶藍風暴,愛的白狗白色銀河季節,愛的白狗白色銀河季節綠色中央魔法城堡黃星星波符水晶藍風暴,"諧波65
宇宙的母體矩陣，自我調整當下的宇宙之火","第1股 樹之道
初始母體
02坤為地卦",,,,,,,,,,,,,,
260,13,宇宙,20,黃太陽,宇宙黃太陽,V13:H20,260,黃星星波符,黃星星波符宇宙黃太陽,綠色中央魔法城堡,綠色中央魔法城堡黃星星波符宇宙黃太陽,愛的白狗白色銀河季節,愛的白狗白色銀河季節綠色中央魔法城堡黃星星波符宇宙黃太陽,"諧波65
宇宙的母體矩陣，自我調整當下的宇宙之火","第1股 樹之道
初始母體
02坤為地卦",,,,,,,,,,,,,,
