國曆生日,月日,瑪雅生日,瑪雅月,瑪雅週,七價路徑,等離子日,矩陣位置,PSI印記,對應印記,Vinal 肯定句,七價路徑,祈禱文,判斷,烏爾諧波盧恩符文代號,瑪雅週,關鍵句
07月26日,07/26,01.01,磁性蝙蝠之月,紅色啟動之週,"紅色01
紅龍→紅蛇","DALI 01
頂輪(目標)",V1:H1,1,磁性紅龍,1 Pop:知者,"紅色01
紅龍→紅蛇",存在進化了性,1,065,紅色啟動之週,知識產生了見解
07月27日,07/27,01.02,磁性蝙蝠之月,紅色啟動之週,"紅色01
紅龍→紅蛇","SELI 02
海底輪(流動)",V2:H1,1,磁性紅龍,1 Pop:知者,"白色02
紅龍→白世界橋",存在進化了死亡,1,066,白色淨化之週,謙遜昇華了靜心
07月28日,07/28,01.03,磁性蝙蝠之月,紅色啟動之週,"紅色01
紅龍→紅蛇","GAMMA 03
眉心輪(平靜)",V3:H1,1,磁性紅龍,1 Pop:知者,"藍色03
紅龍→藍手",存在進化了知識,1,067,藍色蛻變之週,耐心改變了舉止
07月29日,07/29,01.04,磁性蝙蝠之月,紅色啟動之週,"紅色01
紅龍→紅蛇","KALI 04 
臍輪(建立)",V4:H1,20,共振黃太陽,1 Pop:知者,"黃色04
紅蛇→藍手",性喚醒了知識,1,068,黃色收穫之週,力量成就了果實
07月30日,07/30,01.05,磁性蝙蝠之月,紅色啟動之週,"紅色01
紅龍→紅蛇","ALPHA 05
喉輪(釋放)",V5:H1,20,共振黃太陽,1 Pop:知者,"紅色05
白世界橋→藍手",死亡傳送了知識,1,069,,
07月31日,07/31,01.06,磁性蝙蝠之月,紅色啟動之週,"紅色01
紅龍→紅蛇","LIMI 06 
胃輪(淨化)",V6:H1,20,共振黃太陽,1 Pop:知者,"白色06
藍夜→黃星星",夢進化了藝術,1,070,,
08月01日,08/01,01.07,磁性蝙蝠之月,紅色啟動之週,"紅色01
紅龍→紅蛇","SILIO 07
心輪(發射)",V7:H1,2,月亮白風,1 Pop:知者,"藍色07
藍夜→紅月",夢進化了淨化,1,071,,
08月02日,08/02,01.08,磁性蝙蝠之月,白色淨化之週,"白色02
紅龍→白世界橋","DALI 08
頂輪(目標)",V15:H1,3,電力藍夜,1 Pop:知者,"黃色08
藍夜→白狗",夢進化了愛,1,072,,
08月03日,08/03,01.09,磁性蝙蝠之月,白色淨化之週,"白色02
紅龍→白世界橋","SELI 09
海底輪(流動)",V16:H1,4,自我存在黃種子,1 Pop:知者,"紅色09
黃星星→白狗",藝術喚醒了愛,1,073,,
08月04日,08/04,01.10,磁性蝙蝠之月,白色淨化之週,"白色02
紅龍→白世界橋","GAMMA 10
眉心輪(平靜)",V17:H1,5,超頻紅蛇,1 Pop:知者,"白色10
紅月→白狗",淨化傳送了愛,1,074,,
08月05日,08/05,01.11,磁性蝙蝠之月,白色淨化之週,"白色02
紅龍→白世界橋","KALI 11
臍輪(建立)",V18:H1,6,韻律白世界橋,1 Pop:知者,"藍色11
白風→藍猴",心靈進化了魔法,1,075,,
08月06日,08/06,01.12,磁性蝙蝠之月,白色淨化之週,"白色02
紅龍→白世界橋","ALPHA 12
喉輪(釋放)",V19:H1,7,共振藍手,1 Pop:知者,"黃色12
白風→黃人",心靈進化了智慧,1,076,,
08月07日,08/07,01.13,磁性蝙蝠之月,白色淨化之週,"白色02
紅龍→白世界橋","LIMI 13
胃輪(淨化)",V20:H1,8,銀河星系黃星星,1 Pop:知者,"紅色13
白風→紅天行者",心靈進化了預言,1,077,,
08月08日,08/08,01.14,磁性蝙蝠之月,白色淨化之週,"白色02
紅龍→白世界橋","SILIO 14
心輪(發射)",V21:H1,9,太陽紅月,1 Pop:知者,"白色14
藍猴→紅天行者",魔法喚醒了預言,1,078,,
08月09日,08/09,01.15,磁性蝙蝠之月,藍色蛻變之週,"藍色03
紅龍→藍手","DALI 15
頂輪(目標)",V1:H15,10,行星白狗,1 Pop:知者,"藍色15
黃人→紅天行者",智慧傳送了預言,1,079,,
08月10日,08/10,01.16,磁性蝙蝠之月,藍色蛻變之週,"藍色03
紅龍→藍手","SELI 16
海底輪(流動)",V2:H15,11,光譜藍猴,1 Pop:知者,"黃色16
黃種子→白巫師",覺知進化了永恆,1,080,,
08月11日,08/11,01.17,磁性蝙蝠之月,藍色蛻變之週,"藍色03
紅龍→藍手","GAMMA 17
眉心輪(平靜)",V3:H15,12,水晶黃人,1 Pop:知者,"紅色17
黃種子→藍鷹",覺知進化了視野,1,081,,
08月12日,08/12,01.18,磁性蝙蝠之月,藍色蛻變之週,"藍色03
紅龍→藍手","KALI 18
臍輪(建立)",V4:H15,13,宇宙紅天行者,1 Pop:知者,"白色18
黃種子→黃戰士",覺知進化了智能,1,082,,
08月13日,08/13,01.19,磁性蝙蝠之月,藍色蛻變之週,"藍色03
紅龍→藍手","ALPHA 19
喉輪(釋放)",V5:H15,14,磁性白巫師,1 Pop:知者,"藍色19
白巫師→黃戰士",永恆喚醒了智能,1,083,,
08月14日,08/14,01.20,磁性蝙蝠之月,藍色蛻變之週,"藍色03
紅龍→藍手","LIMI 20 
胃輪(淨化)",V6:H15,15,月亮藍鷹,1 Pop:知者,"黃色20
藍鷹→黃戰士",視野傳送了智能,1,084,,
08月15日,08/15,01.21,磁性蝙蝠之月,藍色蛻變之週,"藍色03
紅龍→藍手","SILIO 21
心輪(發射)",V7:H15,16,電力黃戰士,2 UOo:在寂靜中聆聽,"紅色21
白鏡→藍手",靜心進化了知識,1,085,,
08月16日,08/16,01.22,磁性蝙蝠之月,黃色收穫之週,"黃色04
紅蛇→藍手","DALI 22
頂輪(目標)",V15:H15,17,自我存在紅地球,2 UOo:在寂靜中聆聽,"白色22
藍風暴→白狗",自然運生進化了愛,1,086,,
08月17日,08/17,01.23,磁性蝙蝠之月,黃色收穫之週,"黃色04
紅蛇→藍手","SELI 23
海底輪(流動)",V16:H15,241,共振紅龍,2 UOo:在寂靜中聆聽,"藍色23
黃太陽→紅天行者",證悟進化了預言,1,087,,
08月18日,08/18,01.24,磁性蝙蝠之月,黃色收穫之週,"黃色04
紅蛇→藍手","GAMMA 24
眉心輪(平靜)",V17:H15,241,共振紅龍,2 UOo:在寂靜中聆聽,"黃色24
紅地球→黃戰士",導航進化了智能,1,088,,
08月19日,08/19,01.25,磁性蝙蝠之月,黃色收穫之週,"黃色04
紅蛇→藍手","KALI 25
臍輪(建立)",V18:H15,241,共振紅龍,2 UOo:在寂靜中聆聽,"紅色25
紅地球→白鏡",導航共時了靜心,1,089,,
08月20日,08/20,01.26,磁性蝙蝠之月,黃色收穫之週,"黃色04
紅蛇→藍手","ALPHA 26
喉輪(釋放)",V19:H15,260,宇宙黃太陽,2 UOo:在寂靜中聆聽,"白色26
白鏡→藍風暴",靜心反映了自然運生,1,090,,
08月21日,08/21,01.27,磁性蝙蝠之月,黃色收穫之週,"黃色04
紅蛇→藍手","LIMI 27 
胃輪(淨化)",V20:H15,260,宇宙黃太陽,2 UOo:在寂靜中聆聽,"藍色27
藍風暴→黃太陽",自然運生促進證悟的催化,1,091,,
08月22日,08/22,01.28,磁性蝙蝠之月,黃色收穫之週,"黃色04
紅蛇→藍手","SILIO 28
心輪(發射)",V21:H15,260,宇宙黃太陽,2 UOo:在寂靜中聆聽,"黃色28
黃太陽→紅地球",證悟啟發了導航,1,092,,
08月23日,08/23,02.01,月亮蠍子之月,紅色啟動之週,"紅色05
白世界橋→藍手","DALI 01
頂輪(目標)",V1:H2,22,太陽白風,2 UOo:在寂靜中聆聽,"紅色29
Hunab Ku→紅地球",銀河中心Hunab Ku傳送導航,1,093,,
08月24日,08/24,02.02,月亮蠍子之月,紅色啟動之週,"紅色05
白世界橋→藍手","SELI 02
海底輪(流動)",V2:H2,22,太陽白風,2 UOo:在寂靜中聆聽,"白色30
Hunab Ku→白鏡",銀河中心Hunab Ku傳送靜心,1,094,,
08月25日,08/25,02.03,月亮蠍子之月,紅色啟動之週,"紅色05
白世界橋→藍手","GAMMA 03
眉心輪(平靜)",V3:H2,22,太陽白風,2 UOo:在寂靜中聆聽,"藍色31
Hunab Ku→藍風暴",銀河中心Hunab Ku傳送自然運生,1,095,,
08月26日,08/26,02.04,月亮蠍子之月,紅色啟動之週,"紅色05
白世界橋→藍手","KALI 04 
臍輪(建立)",V4:H2,39,宇宙藍風暴,2 UOo:在寂靜中聆聽,"黃色32
Hunab Ku→黃太陽",銀河中心Hunab Ku傳送證悟,1,096,,
08月27日,08/27,02.05,月亮蠍子之月,紅色啟動之週,"紅色05
白世界橋→藍手","ALPHA 05
喉輪(釋放)",V5:H2,39,宇宙藍風暴,2 UOo:在寂靜中聆聽,"紅色33
紅蛇→紅地球",性為導航充電,1,097,,
08月28日,08/28,02.06,月亮蠍子之月,紅色啟動之週,"紅色05
白世界橋→藍手","LIMI 06 
胃輪(淨化)",V6:H2,39,宇宙藍風暴,2 UOo:在寂靜中聆聽,"白色34
紅地球→黃人",導航為智慧充電,1,098,,
08月29日,08/29,02.07,月亮蠍子之月,紅色啟動之週,"紅色05
白世界橋→藍手","SILIO 07
心輪(發射)",V7:H2,18,超頻白鏡,2 UOo:在寂靜中聆聽,"藍色35
白世界橋→藍風暴",死亡為自然運生充電,1,099,,
08月30日,08/30,02.08,月亮蠍子之月,白色淨化之週,"白色06
藍夜→黃星星","DALI 08
頂輪(目標)",V15:H2,19,韻律藍風暴,2 UOo:在寂靜中聆聽,"黃色36
藍風暴→藍猴",自然運生為魔法充電,1,100,,
08月31日,08/31,02.09,月亮蠍子之月,白色淨化之週,"白色06
藍夜→黃星星","SELI 09
海底輪(流動)",V16:H2,21,銀河星系紅龍,2 UOo:在寂靜中聆聽,"紅色37
黃星星→白鏡",藝術穩定了靜心,1,101,,
09月01日,09/01,02.10,月亮蠍子之月,白色淨化之週,"白色06
藍夜→黃星星","GAMMA 10
眉心輪(平靜)",V17:H2,23,行星藍夜,2 UOo:在寂靜中聆聽,"白色38
白鏡→藍鷹",靜心穩定了視野,1,102,,
09月02日,09/02,02.11,月亮蠍子之月,白色淨化之週,"白色06
藍夜→黃星星","KALI 11
臍輪(建立)",V18:H2,24,光譜黃種子,2 UOo:在寂靜中聆聽,"藍色39
紅月→黃太陽",淨化穩定了證悟,1,103,,
09月03日,09/03,02.12,月亮蠍子之月,白色淨化之週,"白色06
藍夜→黃星星","ALPHA 12
喉輪(釋放)",V19:H2,25,水晶紅蛇,2 UOo:在寂靜中聆聽,"黃色40
黃太陽→白巫師",證悟穩定了永恆,1,104,,
09月04日,09/04,02.13,月亮蠍子之月,白色淨化之週,"白色06
藍夜→黃星星","LIMI 13
胃輪(淨化)",V20:H2,26,宇宙白世界橋,3 Zip:為了整合宇宙,"紅色41
紅蛇→藍鷹",性促成視野的光譜化,1,105,,
09月05日,09/05,02.14,月亮蠍子之月,白色淨化之週,"白色06
藍夜→黃星星","SILIO 14
心輪(發射)",V21:H2,27,磁性藍手,3 Zip:為了整合宇宙,"白色42
白世界橋→黃星星",死亡促成藝術的光譜化,1,106,,
09月06日,09/06,02.15,月亮蠍子之月,藍色蛻變之週,"藍色07
藍夜→紅月","DALI 15
頂輪(目標)",V1:H16,28,月亮黃星星,3 Zip:為了整合宇宙,"藍色43
紅月→藍猴",淨化促成魔法的光譜化,1,107,,
09月07日,09/07,02.16,月亮蠍子之月,藍色蛻變之週,"藍色07
藍夜→紅月","SELI 16
海底輪(流動)",V2:H16,29,電力紅月,3 Zip:為了整合宇宙,"黃色44
黃人→白巫師",智慧促成永恆的光譜化,1,108,,
09月08日,09/08,02.17,月亮蠍子之月,藍色蛻變之週,"藍色07
藍夜→紅月","GAMMA 17
眉心輪(平靜)",V3:H16,30,自我存在白狗,3 Zip:為了整合宇宙,"紅色45
白鏡→紅蛇",靜心傳送了對性的反思,1,109,,
09月09日,09/09,02.18,月亮蠍子之月,藍色蛻變之週,"藍色07
藍夜→紅月","KALI 18
臍輪(建立)",V4:H16,31,超頻藍猴,3 Zip:為了整合宇宙,"白色46
白鏡→白世界橋",靜心傳送了對死亡的反思,1,110,,
09月10日,09/10,02.19,月亮蠍子之月,藍色蛻變之週,"藍色07
藍夜→紅月","ALPHA 19
喉輪(釋放)",V5:H16,32,韻律黃人,3 Zip:為了整合宇宙,"藍色47
藍風暴→黃星星",自然運生傳送了對藝術的動能,1,111,,
09月11日,09/11,02.20,月亮蠍子之月,藍色蛻變之週,"藍色07
藍夜→紅月","LIMI 20 
胃輪(淨化)",V6:H16,33,共振紅天行者,3 Zip:為了整合宇宙,"黃色48
藍風暴→紅月",自然運生傳送了對淨化的動能,1,112,,
09月12日,09/12,02.21,月亮蠍子之月,藍色蛻變之週,"藍色07
藍夜→紅月","SILIO 21
心輪(發射)",V7:H16,34,銀河星系白巫師,3 Zip:為了整合宇宙,"紅色49
黃太陽→藍猴",證悟傳送了魔法的宇宙之火,1,065,,
09月13日,09/13,02.22,月亮蠍子之月,黃色收穫之週,"黃色08
藍夜→白狗","DALI 22
頂輪(目標)",V15:H16,35,太陽藍鷹,3 Zip:為了整合宇宙,"白色50
黃太陽→黃人",證悟傳送了智慧的宇宙之火,1,066,,
09月14日,09/14,02.23,月亮蠍子之月,黃色收穫之週,"黃色08
藍夜→白狗","SELI 23
海底輪(流動)",V16:H16,222,磁性白風,3 Zip:為了整合宇宙,"藍色51
紅地球→白巫師",導航傳送了永恆的共時性,1,067,,
09月15日,09/15,02.24,月亮蠍子之月,黃色收穫之週,"黃色08
藍夜→白狗","GAMMA 24
眉心輪(平靜)",V17:H16,222,磁性白風,3 Zip:為了整合宇宙,"黃色52
紅地球→藍鷹",導航傳送了視野的共時性,1,068,,
09月16日,09/16,02.25,月亮蠍子之月,黃色收穫之週,"黃色08
藍夜→白狗","KALI 25
臍輪(建立)",V18:H16,222,磁性白風,3 Zip:為了整合宇宙,,,1,069,,
09月17日,09/17,02.26,月亮蠍子之月,黃色收穫之週,"黃色08
藍夜→白狗","ALPHA 26
喉輪(釋放)",V19:H16,239,超頻藍風暴,3 Zip:為了整合宇宙,,,1,070,,
09月18日,09/18,02.27,月亮蠍子之月,黃色收穫之週,"黃色08
藍夜→白狗","LIMI 27 
胃輪(淨化)",V20:H16,239,超頻藍風暴,3 Zip:為了整合宇宙,,,1,071,,
09月19日,09/19,02.28,月亮蠍子之月,黃色收穫之週,"黃色08
藍夜→白狗","SILIO 28
心輪(發射)",V21:H16,239,超頻藍風暴,3 Zip:為了整合宇宙,,,1,072,,
09月20日,09/20,03.01,電力鹿之月,紅色啟動之週,"紅色09
黃星星→白狗","DALI 01
頂輪(目標)",V1:H3,43,自我存在藍夜,3 Zip:為了整合宇宙,,,1,073,,
09月21日,09/21,03.02,電力鹿之月,紅色啟動之週,"紅色09
黃星星→白狗","SELI 02
海底輪(流動)",V2:H3,43,自我存在藍夜,3 Zip:為了整合宇宙,,,1,074,,
09月22日,09/22,03.03,電力鹿之月,紅色啟動之週,"紅色09
黃星星→白狗","GAMMA 03
眉心輪(平靜)",V3:H3,43,自我存在藍夜,3 Zip:為了整合宇宙,,,1,075,,
09月23日,09/23,03.04,電力鹿之月,紅色啟動之週,"紅色09
黃星星→白狗","KALI 04 
臍輪(建立)",V4:H3,58,韻律白鏡,3 Zip:為了整合宇宙,,,1,076,,
09月24日,09/24,03.05,電力鹿之月,紅色啟動之週,"紅色09
黃星星→白狗","ALPHA 05
喉輪(釋放)",V5:H3,58,韻律白鏡,4 Zotz:以知識為基礎,,,1,077,,
09月25日,09/25,03.06,電力鹿之月,紅色啟動之週,"紅色09
黃星星→白狗","LIMI 06 
胃輪(淨化)",V6:H3,58,韻律白鏡,4 Zotz:以知識為基礎,,,1,078,,
09月26日,09/26,03.07,電力鹿之月,紅色啟動之週,"紅色09
黃星星→白狗","SILIO 07
心輪(發射)",V7:H3,36,行星黃戰士,4 Zotz:以知識為基礎,,,1,079,,
09月27日,09/27,03.08,電力鹿之月,白色淨化之週,"白色10
紅月→白狗","DALI 08
頂輪(目標)",V15:H3,37,光譜紅地球,4 Zotz:以知識為基礎,,,1,080,,
09月28日,09/28,03.09,電力鹿之月,白色淨化之週,"白色10
紅月→白狗","SELI 09
海底輪(流動)",V16:H3,38,水晶白鏡,4 Zotz:以知識為基礎,,,1,081,,
09月29日,09/29,03.10,電力鹿之月,白色淨化之週,"白色10
紅月→白狗","GAMMA 10
眉心輪(平靜)",V17:H3,40,磁性黃太陽,4 Zotz:以知識為基礎,,,1,082,,
09月30日,09/30,03.11,電力鹿之月,白色淨化之週,"白色10
紅月→白狗","KALI 11
臍輪(建立)",V18:H3,41,月亮紅龍,4 Zotz:以知識為基礎,,,1,083,,
10月01日,10/01,03.12,電力鹿之月,白色淨化之週,"白色10
紅月→白狗","ALPHA 12
喉輪(釋放)",V19:H3,42,電力白風,4 Zotz:以知識為基礎,,,1,084,,
10月02日,10/02,03.13,電力鹿之月,白色淨化之週,"白色10
紅月→白狗","LIMI 13
胃輪(淨化)",V20:H3,44,超頻黃種子,4 Zotz:以知識為基礎,,,1,085,,
10月03日,10/03,03.14,電力鹿之月,白色淨化之週,"白色10
紅月→白狗","SILIO 14
心輪(發射)",V21:H3,45,韻律紅蛇,4 Zotz:以知識為基礎,,,1,086,,
10月04日,10/04,03.15,電力鹿之月,藍色蛻變之週,"藍色11
白風→藍猴","DALI 15
頂輪(目標)",V1:H17,46,共振白世界橋,4 Zotz:以知識為基礎,,,1,087,,
10月05日,10/05,03.16,電力鹿之月,藍色蛻變之週,"藍色11
白風→藍猴","SELI 16
海底輪(流動)",V2:H17,47,銀河星系藍手,4 Zotz:以知識為基礎,,,1,088,,
10月06日,10/06,03.17,電力鹿之月,藍色蛻變之週,"藍色11
白風→藍猴","GAMMA 17
眉心輪(平靜)",V3:H17,48,太陽黃星星,4 Zotz:以知識為基礎,,,1,089,,
10月07日,10/07,03.18,電力鹿之月,藍色蛻變之週,"藍色11
白風→藍猴","KALI 18
臍輪(建立)",V4:H17,49,行星紅月,4 Zotz:以知識為基礎,,,1,090,,
10月08日,10/08,03.19,電力鹿之月,藍色蛻變之週,"藍色11
白風→藍猴","ALPHA 19
喉輪(釋放)",V5:H17,52,宇宙黃人,4 Zotz:以知識為基礎,,,1,091,,
10月09日,10/09,03.20,電力鹿之月,藍色蛻變之週,"藍色11
白風→藍猴","LIMI 20 
胃輪(淨化)",V6:H17,53,磁性紅天行者,4 Zotz:以知識為基礎,,,1,092,,
10月10日,10/10,03.21,電力鹿之月,藍色蛻變之週,"藍色11
白風→藍猴","SILIO 21
心輪(發射)",V7:H17,54,月亮白巫師,4 Zotz:以知識為基礎,,,1,093,,
10月11日,10/11,03.22,電力鹿之月,黃色收穫之週,"黃色12
白風→黃人","DALI 22
頂輪(目標)",V15:H17,55,電力藍鷹,4 Zotz:以知識為基礎,,,1,094,,
10月12日,10/12,03.23,電力鹿之月,黃色收穫之週,"黃色12
白風→黃人","SELI 23
海底輪(流動)",V16:H17,203,銀河星系藍夜,4 Zotz:以知識為基礎,,,1,095,,
10月13日,10/13,03.24,電力鹿之月,黃色收穫之週,"黃色12
白風→黃人","GAMMA 24
眉心輪(平靜)",V17:H17,203,銀河星系藍夜,4 Zotz:以知識為基礎,,,1,096,,
10月14日,10/14,03.25,電力鹿之月,黃色收穫之週,"黃色12
白風→黃人","KALI 25
臍輪(建立)",V18:H17,203,銀河星系藍夜,5 Zec:到達根基,,,1,097,,
10月15日,10/15,03.26,電力鹿之月,黃色收穫之週,"黃色12
白風→黃人","ALPHA 26
喉輪(釋放)",V19:H17,218,行星白鏡,5 Zec:到達根基,,,1,098,,
10月16日,10/16,03.27,電力鹿之月,黃色收穫之週,"黃色12
白風→黃人","LIMI 27 
胃輪(淨化)",V20:H17,218,行星白鏡,5 Zec:到達根基,,,1,099,,
10月17日,10/17,03.28,電力鹿之月,黃色收穫之週,"黃色12
白風→黃人","SILIO 28
心輪(發射)",V21:H17,218,行星白鏡,5 Zec:到達根基,,,1,100,,
10月18日,10/18,04.01,自我存在貓頭鷹之月,紅色啟動之週,"紅色13
白風→紅天行者","DALI 01
頂輪(目標)",V1:H4,50,光譜白狗,5 Zec:到達根基,,,1,101,,
10月19日,10/19,04.02,自我存在貓頭鷹之月,紅色啟動之週,"紅色13
白風→紅天行者","SELI 02
海底輪(流動)",V2:H4,50,光譜白狗,5 Zec:到達根基,,,1,102,,
10月20日,10/20,04.03,自我存在貓頭鷹之月,紅色啟動之週,"紅色13
白風→紅天行者","GAMMA 03
眉心輪(平靜)",V3:H4,50,光譜白狗,5 Zec:到達根基,,,1,103,,
10月21日,10/21,04.04,自我存在貓頭鷹之月,紅色啟動之週,"紅色13
白風→紅天行者","KALI 04 
臍輪(建立)",V4:H4,51,水晶藍猴,5 Zec:到達根基,,,1,104,,
10月22日,10/22,04.05,自我存在貓頭鷹之月,紅色啟動之週,"紅色13
白風→紅天行者","ALPHA 05
喉輪(釋放)",V5:H4,51,水晶藍猴,5 Zec:到達根基,,,1,105,,
10月23日,10/23,04.06,自我存在貓頭鷹之月,紅色啟動之週,"紅色13
白風→紅天行者","LIMI 06 
胃輪(淨化)",V6:H4,51,水晶藍猴,5 Zec:到達根基,,,1,106,,
10月24日,10/24,04.07,自我存在貓頭鷹之月,紅色啟動之週,"紅色13
白風→紅天行者","SILIO 07
心輪(發射)",V7:H4,56,自我存在黃戰士,5 Zec:到達根基,,,1,107,,
10月25日,10/25,04.08,自我存在貓頭鷹之月,白色淨化之週,"白色14
藍猴→紅天行者","DALI 08
頂輪(目標)",V15:H4,57,超頻紅地球,5 Zec:到達根基,,,1,108,,
10月26日,10/26,04.09,自我存在貓頭鷹之月,白色淨化之週,"白色14
藍猴→紅天行者","SELI 09
海底輪(流動)",V16:H4,59,共振藍風暴,5 Zec:到達根基,,,1,109,,
10月27日,10/27,04.10,自我存在貓頭鷹之月,白色淨化之週,"白色14
藍猴→紅天行者","GAMMA 10
眉心輪(平靜)",V17:H4,60,銀河星系黃太陽,5 Zec:到達根基,,,1,110,,
10月28日,10/28,04.11,自我存在貓頭鷹之月,白色淨化之週,"白色14
藍猴→紅天行者","KALI 11
臍輪(建立)",V18:H4,61,太陽紅龍,5 Zec:到達根基,,,1,111,,
10月29日,10/29,04.12,自我存在貓頭鷹之月,白色淨化之週,"白色14
藍猴→紅天行者","ALPHA 12
喉輪(釋放)",V19:H4,62,行星白風,5 Zec:到達根基,,,1,112,,
10月30日,10/30,04.13,自我存在貓頭鷹之月,白色淨化之週,"白色14
藍猴→紅天行者","LIMI 13
胃輪(淨化)",V20:H4,63,光譜藍夜,5 Zec:到達根基,,,1,065,,
10月31日,10/31,04.14,自我存在貓頭鷹之月,白色淨化之週,"白色14
藍猴→紅天行者","SILIO 14
心輪(發射)",V21:H4,65,宇宙紅蛇,5 Zec:到達根基,,,1,066,,
11月01日,11/01,04.15,自我存在貓頭鷹之月,藍色蛻變之週,"藍色15
黃人→紅天行者","DALI 15
頂輪(目標)",V1:H18,66,磁性白世界橋,5 Zec:到達根基,,,1,067,,
11月02日,11/02,04.16,自我存在貓頭鷹之月,藍色蛻變之週,"藍色15
黃人→紅天行者","SELI 16
海底輪(流動)",V2:H18,67,月亮藍手,5 Zec:到達根基,,,1,068,,
11月03日,11/03,04.17,自我存在貓頭鷹之月,藍色蛻變之週,"藍色15
黃人→紅天行者","GAMMA 17
眉心輪(平靜)",V3:H18,68,電力黃星星,6 Xul:此處，以偉大的智慧種下一顆種子,,,1,069,,
11月04日,11/04,04.18,自我存在貓頭鷹之月,藍色蛻變之週,"藍色15
黃人→紅天行者","KALI 18
臍輪(建立)",V4:H18,70,超頻白狗,6 Xul:此處，以偉大的智慧種下一顆種子,,,1,070,,
11月05日,11/05,04.19,自我存在貓頭鷹之月,藍色蛻變之週,"藍色15
黃人→紅天行者","ALPHA 19
喉輪(釋放)",V5:H18,71,韻律藍猴,6 Xul:此處，以偉大的智慧種下一顆種子,,,1,071,,
11月06日,11/06,04.20,自我存在貓頭鷹之月,藍色蛻變之週,"藍色15
黃人→紅天行者","LIMI 20 
胃輪(淨化)",V6:H18,73,銀河星系紅天行者,6 Xul:此處，以偉大的智慧種下一顆種子,,,1,072,,
11月07日,11/07,04.21,自我存在貓頭鷹之月,藍色蛻變之週,"藍色15
黃人→紅天行者","SILIO 21
心輪(發射)",V7:H18,74,太陽白巫師,6 Xul:此處，以偉大的智慧種下一顆種子,,,1,073,,
11月08日,11/08,04.22,自我存在貓頭鷹之月,黃色收穫之週,"黃色16
黃種子→白巫師","DALI 22
頂輪(目標)",V15:H18,75,行星藍鷹,6 Xul:此處，以偉大的智慧種下一顆種子,,,1,074,,
11月09日,11/09,04.23,自我存在貓頭鷹之月,黃色收穫之週,"黃色16
黃種子→白巫師","SELI 23
海底輪(流動)",V16:H18,210,月亮白狗,6 Xul:此處，以偉大的智慧種下一顆種子,,,1,075,,
11月10日,11/10,04.24,自我存在貓頭鷹之月,黃色收穫之週,"黃色16
黃種子→白巫師","GAMMA 24
眉心輪(平靜)",V17:H18,210,月亮白狗,6 Xul:此處，以偉大的智慧種下一顆種子,,,1,076,,
11月11日,11/11,04.25,自我存在貓頭鷹之月,黃色收穫之週,"黃色16
黃種子→白巫師","KALI 25
臍輪(建立)",V18:H18,210,月亮白狗,6 Xul:此處，以偉大的智慧種下一顆種子,,,1,077,,
11月12日,11/12,04.26,自我存在貓頭鷹之月,黃色收穫之週,"黃色16
黃種子→白巫師","ALPHA 26
喉輪(釋放)",V19:H18,211,電力藍猴,6 Xul:此處，以偉大的智慧種下一顆種子,,,1,078,,
11月13日,11/13,04.27,自我存在貓頭鷹之月,黃色收穫之週,"黃色16
黃種子→白巫師","LIMI 27 
胃輪(淨化)",V20:H18,211,電力藍猴,6 Xul:此處，以偉大的智慧種下一顆種子,,,1,079,,
11月14日,11/14,04.28,自我存在貓頭鷹之月,黃色收穫之週,"黃色16
黃種子→白巫師","SILIO 28
心輪(發射)",V21:H18,211,電力藍猴,6 Xul:此處，以偉大的智慧種下一顆種子,,,1,080,,
11月15日,11/15,05.01,超頻孔雀之月,紅色啟動之週,"紅色17
黃種子→藍鷹","DALI 01
頂輪(目標)",V1:H5,64,水晶黃種子,6 Xul:此處，以偉大的智慧種下一顆種子,,,1,081,,
11月16日,11/16,05.02,超頻孔雀之月,紅色啟動之週,"紅色17
黃種子→藍鷹","SELI 02
海底輪(流動)",V2:H5,64,水晶黃種子,6 Xul:此處，以偉大的智慧種下一顆種子,,,1,082,,
11月17日,11/17,05.03,超頻孔雀之月,紅色啟動之週,"紅色17
黃種子→藍鷹","GAMMA 03
眉心輪(平靜)",V3:H5,64,水晶黃種子,6 Xul:此處，以偉大的智慧種下一顆種子,,,1,083,,
11月18日,11/18,05.04,超頻孔雀之月,紅色啟動之週,"紅色17
黃種子→藍鷹","KALI 04 
臍輪(建立)",V4:H5,77,水晶紅地球,6 Xul:此處，以偉大的智慧種下一顆種子,,,1,084,,
11月19日,11/19,05.05,超頻孔雀之月,紅色啟動之週,"紅色17
黃種子→藍鷹","ALPHA 05
喉輪(釋放)",V5:H5,77,水晶紅地球,6 Xul:此處，以偉大的智慧種下一顆種子,,,1,085,,
11月20日,11/20,05.06,超頻孔雀之月,紅色啟動之週,"紅色17
黃種子→藍鷹","LIMI 06 
胃輪(淨化)",V6:H5,77,水晶紅地球,6 Xul:此處，以偉大的智慧種下一顆種子,,,1,086,,
11月21日,11/21,05.07,超頻孔雀之月,紅色啟動之週,"紅色17
黃種子→藍鷹","SILIO 07
心輪(發射)",V7:H5,76,光譜黃戰士,6 Xul:此處，以偉大的智慧種下一顆種子,,,1,087,,
11月22日,11/22,05.08,超頻孔雀之月,白色淨化之週,"白色18
黃種子→黃戰士","DALI 08
頂輪(目標)",V15:H5,78,宇宙白鏡,6 Xul:此處，以偉大的智慧種下一顆種子,,,1,088,,
11月23日,11/23,05.09,超頻孔雀之月,白色淨化之週,"白色18
黃種子→黃戰士","SELI 09
海底輪(流動)",V16:H5,79,磁性藍風暴,7 Yaxkin:隱藏在太陽中的一道微光,,,1,089,,
11月24日,11/24,05.10,超頻孔雀之月,白色淨化之週,"白色18
黃種子→黃戰士","GAMMA 10
眉心輪(平靜)",V17:H5,80,月亮黃太陽,7 Yaxkin:隱藏在太陽中的一道微光,,,1,090,,
11月25日,11/25,05.11,超頻孔雀之月,白色淨化之週,"白色18
黃種子→黃戰士","KALI 11
臍輪(建立)",V18:H5,81,電力紅龍,7 Yaxkin:隱藏在太陽中的一道微光,,,1,091,,
11月26日,11/26,05.12,超頻孔雀之月,白色淨化之週,"白色18
黃種子→黃戰士","ALPHA 12
喉輪(釋放)",V19:H5,82,自我存在白風,7 Yaxkin:隱藏在太陽中的一道微光,,,1,092,,
11月27日,11/27,05.13,超頻孔雀之月,白色淨化之週,"白色18
黃種子→黃戰士","LIMI 13
胃輪(淨化)",V20:H5,83,超頻藍夜,7 Yaxkin:隱藏在太陽中的一道微光,,,1,093,,
11月28日,11/28,05.14,超頻孔雀之月,白色淨化之週,"白色18
黃種子→黃戰士","SILIO 14
心輪(發射)",V21:H5,84,韻律黃種子,7 Yaxkin:隱藏在太陽中的一道微光,,,1,094,,
11月29日,11/29,05.15,超頻孔雀之月,藍色蛻變之週,"藍色19
白巫師→黃戰士","DALI 15
頂輪(目標)",V1:H19,86,銀河星系白世界橋,7 Yaxkin:隱藏在太陽中的一道微光,,,1,095,,
11月30日,11/30,05.16,超頻孔雀之月,藍色蛻變之週,"藍色19
白巫師→黃戰士","SELI 16
海底輪(流動)",V2:H19,87,太陽藍手,7 Yaxkin:隱藏在太陽中的一道微光,,,1,096,,
12月01日,12/01,05.17,超頻孔雀之月,藍色蛻變之週,"藍色19
白巫師→黃戰士","GAMMA 17
眉心輪(平靜)",V3:H19,89,光譜紅月,7 Yaxkin:隱藏在太陽中的一道微光,,,1,097,,
12月02日,12/02,05.18,超頻孔雀之月,藍色蛻變之週,"藍色19
白巫師→黃戰士","KALI 18
臍輪(建立)",V4:H19,90,水晶白狗,7 Yaxkin:隱藏在太陽中的一道微光,,,1,098,,
12月03日,12/03,05.19,超頻孔雀之月,藍色蛻變之週,"藍色19
白巫師→黃戰士","ALPHA 19
喉輪(釋放)",V5:H19,91,宇宙藍猴,7 Yaxkin:隱藏在太陽中的一道微光,,,1,099,,
12月04日,12/04,05.20,超頻孔雀之月,藍色蛻變之週,"藍色19
白巫師→黃戰士","LIMI 20 
胃輪(淨化)",V6:H19,92,磁性黃人,7 Yaxkin:隱藏在太陽中的一道微光,,,1,100,,
12月05日,12/05,05.21,超頻孔雀之月,藍色蛻變之週,"藍色19
白巫師→黃戰士","SILIO 21
心輪(發射)",V7:H19,94,電力白巫師,7 Yaxkin:隱藏在太陽中的一道微光,,,1,101,,
12月06日,12/06,05.22,超頻孔雀之月,黃色收穫之週,"黃色20
藍鷹→黃戰士","DALI 22
頂輪(目標)",V15:H19,95,自我存在藍鷹,7 Yaxkin:隱藏在太陽中的一道微光,,,1,102,,
12月07日,12/07,05.23,超頻孔雀之月,黃色收穫之週,"黃色20
藍鷹→黃戰士","SELI 23
海底輪(流動)",V16:H19,184,月亮黃種子,7 Yaxkin:隱藏在太陽中的一道微光,,,1,103,,
12月08日,12/08,05.24,超頻孔雀之月,黃色收穫之週,"黃色20
藍鷹→黃戰士","GAMMA 24
眉心輪(平靜)",V17:H19,184,月亮黃種子,7 Yaxkin:隱藏在太陽中的一道微光,,,1,104,,
12月09日,12/09,05.25,超頻孔雀之月,黃色收穫之週,"黃色20
藍鷹→黃戰士","KALI 25
臍輪(建立)",V18:H19,184,月亮黃種子,7 Yaxkin:隱藏在太陽中的一道微光,,,1,105,,
12月10日,12/10,05.26,超頻孔雀之月,黃色收穫之週,"黃色20
藍鷹→黃戰士","ALPHA 26
喉輪(釋放)",V19:H19,197,月亮紅地球,7 Yaxkin:隱藏在太陽中的一道微光,,,1,106,,
12月11日,12/11,05.27,超頻孔雀之月,黃色收穫之週,"黃色20
藍鷹→黃戰士","LIMI 27 
胃輪(淨化)",V20:H19,197,月亮紅地球,7 Yaxkin:隱藏在太陽中的一道微光,,,1,107,,
12月12日,12/12,05.28,超頻孔雀之月,黃色收穫之週,"黃色20
藍鷹→黃戰士","SILIO 28
心輪(發射)",V21:H19,197,月亮紅地球,7 Yaxkin:隱藏在太陽中的一道微光,,,1,108,,
12月13日,12/13,06.01,韻律蜥蜴之月,紅色啟動之週,"紅色21
白鏡→藍手","DALI 01
頂輪(目標)",V1:H6,69,自我存在紅月,8 Mol:將所有碎片集結成一體,,,1,109,,
12月14日,12/14,06.02,韻律蜥蜴之月,紅色啟動之週,"紅色21
白鏡→藍手","SELI 02
海底輪(流動)",V2:H6,69,自我存在紅月,8 Mol:將所有碎片集結成一體,,,1,110,,
12月15日,12/15,06.03,韻律蜥蜴之月,紅色啟動之週,"紅色21
白鏡→藍手","GAMMA 03
眉心輪(平靜)",V3:H6,69,自我存在紅月,8 Mol:將所有碎片集結成一體,,,1,111,,
12月16日,12/16,06.04,韻律蜥蜴之月,紅色啟動之週,"紅色21
白鏡→藍手","KALI 04 
臍輪(建立)",V4:H6,72,共振黃人,8 Mol:將所有碎片集結成一體,,,1,112,,
12月17日,12/17,06.05,韻律蜥蜴之月,紅色啟動之週,"紅色21
白鏡→藍手","ALPHA 05
喉輪(釋放)",V5:H6,72,共振黃人,8 Mol:將所有碎片集結成一體,,,1,065,,
12月18日,12/18,06.06,韻律蜥蜴之月,紅色啟動之週,"紅色21
白鏡→藍手","LIMI 06 
胃輪(淨化)",V6:H6,72,共振黃人,8 Mol:將所有碎片集結成一體,,,1,066,,
12月19日,12/19,06.07,韻律蜥蜴之月,紅色啟動之週,"紅色21
白鏡→藍手","SILIO 07
心輪(發射)",V7:H6,97,韻律紅地球,8 Mol:將所有碎片集結成一體,,,1,067,,
12月20日,12/20,06.08,韻律蜥蜴之月,白色淨化之週,"白色22
藍風暴→白狗","DALI 08
頂輪(目標)",V15:H6,98,共振白鏡,8 Mol:將所有碎片集結成一體,,,1,068,,
12月21日,12/21,06.09,韻律蜥蜴之月,白色淨化之週,"白色22
藍風暴→白狗","SELI 09
海底輪(流動)",V16:H6,99,銀河星系藍風暴,8 Mol:將所有碎片集結成一體,,,1,069,,
12月22日,12/22,06.10,韻律蜥蜴之月,白色淨化之週,"白色22
藍風暴→白狗","GAMMA 10
眉心輪(平靜)",V17:H6,100,太陽黃太陽,8 Mol:將所有碎片集結成一體,,,1,070,,
12月23日,12/23,06.11,韻律蜥蜴之月,白色淨化之週,"白色22
藍風暴→白狗","KALI 11
臍輪(建立)",V18:H6,101,行星紅龍,8 Mol:將所有碎片集結成一體,,,1,071,,
12月24日,12/24,06.12,韻律蜥蜴之月,白色淨化之週,"白色22
藍風暴→白狗","ALPHA 12
喉輪(釋放)",V19:H6,102,光譜白風,8 Mol:將所有碎片集結成一體,,,1,072,,
12月25日,12/25,06.13,韻律蜥蜴之月,白色淨化之週,"白色22
藍風暴→白狗","LIMI 13
胃輪(淨化)",V20:H6,103,水晶藍夜,8 Mol:將所有碎片集結成一體,,,1,073,,
12月26日,12/26,06.14,韻律蜥蜴之月,白色淨化之週,"白色22
藍風暴→白狗","SILIO 14
心輪(發射)",V21:H6,104,宇宙黃種子,8 Mol:將所有碎片集結成一體,,,1,074,,
12月27日,12/27,06.15,韻律蜥蜴之月,藍色蛻變之週,"藍色23
黃太陽→紅天行者","DALI 15
頂輪(目標)",V1:H20,105,磁性紅蛇,8 Mol:將所有碎片集結成一體,,,1,075,,
12月28日,12/28,06.16,韻律蜥蜴之月,藍色蛻變之週,"藍色23
黃太陽→紅天行者","SELI 16
海底輪(流動)",V2:H20,116,水晶黃戰士,8 Mol:將所有碎片集結成一體,,,1,076,,
12月29日,12/29,06.17,韻律蜥蜴之月,藍色蛻變之週,"藍色23
黃太陽→紅天行者","GAMMA 17
眉心輪(平靜)",V3:H20,117,宇宙紅地球,8 Mol:將所有碎片集結成一體,,,1,077,,
12月30日,12/30,06.18,韻律蜥蜴之月,藍色蛻變之週,"藍色23
黃太陽→紅天行者","KALI 18
臍輪(建立)",V4:H20,118,磁性白鏡,8 Mol:將所有碎片集結成一體,,,1,078,,
12月31日,12/31,06.19,韻律蜥蜴之月,藍色蛻變之週,"藍色23
黃太陽→紅天行者","ALPHA 19
喉輪(釋放)",V5:H20,119,月亮藍風暴,8 Mol:將所有碎片集結成一體,,,1,079,,
01月01日,01/01,06.20,韻律蜥蜴之月,藍色蛻變之週,"藍色23
黃太陽→紅天行者","LIMI 20 
胃輪(淨化)",V6:H20,120,電力黃太陽,8 Mol:將所有碎片集結成一體,,,-1,080,,
01月02日,01/02,06.21,韻律蜥蜴之月,藍色蛻變之週,"藍色23
黃太陽→紅天行者","SILIO 21
心輪(發射)",V7:H20,121,自我存在紅龍,9 Chen:進入內在智慧之井,,,-1,081,,
01月03日,01/03,06.22,韻律蜥蜴之月,黃色收穫之週,"黃色24
紅地球→黃戰士","DALI 22
頂輪(目標)",V15:H20,122,超頻白風,9 Chen:進入內在智慧之井,,,-1,082,,
01月04日,01/04,06.23,韻律蜥蜴之月,黃色收穫之週,"黃色24
紅地球→黃戰士","SELI 23
海底輪(流動)",V16:H20,189,共振紅月,9 Chen:進入內在智慧之井,,,-1,083,,
01月05日,01/05,06.24,韻律蜥蜴之月,黃色收穫之週,"黃色24
紅地球→黃戰士","GAMMA 24
眉心輪(平靜)",V17:H20,189,共振紅月,9 Chen:進入內在智慧之井,,,-1,084,,
01月06日,01/06,06.25,韻律蜥蜴之月,黃色收穫之週,"黃色24
紅地球→黃戰士","KALI 25
臍輪(建立)",V18:H20,189,共振紅月,9 Chen:進入內在智慧之井,,,-1,085,,
01月07日,01/07,06.26,韻律蜥蜴之月,黃色收穫之週,"黃色24
紅地球→黃戰士","ALPHA 26
喉輪(釋放)",V19:H20,192,行星黃人,9 Chen:進入內在智慧之井,,,-1,086,,
01月08日,01/08,06.27,韻律蜥蜴之月,黃色收穫之週,"黃色24
紅地球→黃戰士","LIMI 27 
胃輪(淨化)",V20:H20,192,行星黃人,9 Chen:進入內在智慧之井,,,-1,087,,
01月09日,01/09,06.28,韻律蜥蜴之月,黃色收穫之週,"黃色24
紅地球→黃戰士","SILIO 28
心輪(發射)",V21:H20,192,行星黃人,9 Chen:進入內在智慧之井,,,-1,088,,
01月10日,01/10,07.01,共振猴子之月,紅色啟動之週,"紅色25
紅地球→白鏡","DALI 01
頂輪(目標)",V1:H7,85,共振紅蛇,9 Chen:進入內在智慧之井,,,-1,089,,
01月11日,01/11,07.02,共振猴子之月,紅色啟動之週,"紅色25
紅地球→白鏡","SELI 02
海底輪(流動)",V2:H7,85,共振紅蛇,9 Chen:進入內在智慧之井,,,-1,090,,
01月12日,01/12,07.03,共振猴子之月,紅色啟動之週,"紅色25
紅地球→白鏡","GAMMA 03
眉心輪(平靜)",V3:H7,85,共振紅蛇,9 Chen:進入內在智慧之井,,,-1,091,,
01月13日,01/13,07.04,共振猴子之月,紅色啟動之週,"紅色25
紅地球→白鏡","KALI 04 
臍輪(建立)",V4:H7,96,超頻黃戰士,9 Chen:進入內在智慧之井,,,-1,092,,
01月14日,01/14,07.05,共振猴子之月,紅色啟動之週,"紅色25
紅地球→白鏡","ALPHA 05
喉輪(釋放)",V5:H7,96,超頻黃戰士,9 Chen:進入內在智慧之井,,,-1,093,,
01月15日,01/15,07.06,共振猴子之月,紅色啟動之週,"紅色25
紅地球→白鏡","LIMI 06 
胃輪(淨化)",V6:H7,96,超頻黃戰士,9 Chen:進入內在智慧之井,,,-1,094,,
01月16日,01/16,07.07,共振猴子之月,紅色啟動之週,"紅色25
紅地球→白鏡","SILIO 07
心輪(發射)",V7:H7,123,韻律藍夜,9 Chen:進入內在智慧之井,,,-1,095,,
01月17日,01/17,07.08,共振猴子之月,白色淨化之週,"白色26
白鏡→藍風暴","DALI 08
頂輪(目標)",V15:H7,124,共振黃種子,9 Chen:進入內在智慧之井,,,-1,096,,
01月18日,01/18,07.09,共振猴子之月,白色淨化之週,"白色26
白鏡→藍風暴","SELI 09
海底輪(流動)",V16:H7,125,銀河星系紅蛇,9 Chen:進入內在智慧之井,,,-1,097,,
01月19日,01/19,07.10,共振猴子之月,白色淨化之週,"白色26
白鏡→藍風暴","GAMMA 10
眉心輪(平靜)",V17:H7,126,太陽白世界橋,9 Chen:進入內在智慧之井,,,-1,098,,
01月20日,01/20,07.11,共振猴子之月,白色淨化之週,"白色26
白鏡→藍風暴","KALI 11
臍輪(建立)",V18:H7,127,行星藍手,9 Chen:進入內在智慧之井,,,-1,099,,
01月21日,01/21,07.12,共振猴子之月,白色淨化之週,"白色26
白鏡→藍風暴","ALPHA 12
喉輪(釋放)",V19:H7,128,光譜黃星星,9 Chen:進入內在智慧之井,,,-1,100,,
01月22日,01/22,07.13,共振猴子之月,白色淨化之週,"白色26
白鏡→藍風暴","LIMI 13
胃輪(淨化)",V20:H7,129,水晶紅月,10 Yax:學生清晰了心智地圖，考慮尚未成熟之所在,,,-1,101,,
01月23日,01/23,07.14,共振猴子之月,白色淨化之週,"白色26
白鏡→藍風暴","SILIO 14
心輪(發射)",V21:H7,130,宇宙白狗,10 Yax:學生清晰了心智地圖，考慮尚未成熟之所在,,,-1,102,,
01月24日,01/24,07.15,共振猴子之月,藍色蛻變之週,"藍色27
藍風暴→黃太陽","DALI 15
頂輪(目標)",V1:H21,131,磁性藍猴,10 Yax:學生清晰了心智地圖，考慮尚未成熟之所在,,,-1,103,,
01月25日,01/25,07.16,共振猴子之月,藍色蛻變之週,"藍色27
藍風暴→黃太陽","SELI 16
海底輪(流動)",V2:H21,132,月亮黃人,10 Yax:學生清晰了心智地圖，考慮尚未成熟之所在,,,-1,104,,
01月26日,01/26,07.17,共振猴子之月,藍色蛻變之週,"藍色27
藍風暴→黃太陽","GAMMA 17
眉心輪(平靜)",V3:H21,133,電力紅天行者,10 Yax:學生清晰了心智地圖，考慮尚未成熟之所在,,,-1,105,,
01月27日,01/27,07.18,共振猴子之月,藍色蛻變之週,"藍色27
藍風暴→黃太陽","KALI 18
臍輪(建立)",V4:H21,134,自我存在白巫師,10 Yax:學生清晰了心智地圖，考慮尚未成熟之所在,,,-1,106,,
01月28日,01/28,07.19,共振猴子之月,藍色蛻變之週,"藍色27
藍風暴→黃太陽","ALPHA 19
喉輪(釋放)",V5:H21,135,超頻藍鷹,10 Yax:學生清晰了心智地圖，考慮尚未成熟之所在,,,-1,107,,
01月29日,01/29,07.20,共振猴子之月,藍色蛻變之週,"藍色27
藍風暴→黃太陽","LIMI 20 
胃輪(淨化)",V6:H21,136,韻律黃戰士,10 Yax:學生清晰了心智地圖，考慮尚未成熟之所在,,,-1,108,,
01月30日,01/30,07.21,共振猴子之月,藍色蛻變之週,"藍色27
藍風暴→黃太陽","SILIO 21
心輪(發射)",V7:H21,137,共振紅地球,10 Yax:學生清晰了心智地圖，考慮尚未成熟之所在,,,-1,109,,
01月31日,01/31,07.22,共振猴子之月,黃色收穫之週,"黃色28
黃太陽→紅地球","DALI 22
頂輪(目標)",V15:H21,138,銀河星系白鏡,10 Yax:學生清晰了心智地圖，考慮尚未成熟之所在,,,-1,110,,
02月01日,02/01,07.23,共振猴子之月,黃色收穫之週,"黃色28
黃太陽→紅地球","SELI 23
海底輪(流動)",V16:H21,165,太陽紅蛇,10 Yax:學生清晰了心智地圖，考慮尚未成熟之所在,,,-1,111,,
02月02日,02/02,07.24,共振猴子之月,黃色收穫之週,"黃色28
黃太陽→紅地球","GAMMA 24
眉心輪(平靜)",V17:H21,165,太陽紅蛇,10 Yax:學生清晰了心智地圖，考慮尚未成熟之所在,,,-1,112,,
02月03日,02/03,07.25,共振猴子之月,黃色收穫之週,"黃色28
黃太陽→紅地球","KALI 25
臍輪(建立)",V18:H21,165,太陽紅蛇,10 Yax:學生清晰了心智地圖，考慮尚未成熟之所在,,,-1,065,,
02月04日,02/04,07.26,共振猴子之月,黃色收穫之週,"黃色28
黃太陽→紅地球","ALPHA 26
喉輪(釋放)",V19:H21,176,共振黃戰士,10 Yax:學生清晰了心智地圖，考慮尚未成熟之所在,,,-1,066,,
02月05日,02/05,07.27,共振猴子之月,黃色收穫之週,"黃色28
黃太陽→紅地球","LIMI 27 
胃輪(淨化)",V20:H21,176,共振黃戰士,10 Yax:學生清晰了心智地圖，考慮尚未成熟之所在,,,-1,067,,
02月06日,02/06,07.28,共振猴子之月,黃色收穫之週,"黃色28
黃太陽→紅地球","SILIO 28
心輪(發射)",V21:H21,176,共振黃戰士,10 Yax:學生清晰了心智地圖，考慮尚未成熟之所在,,,-1,068,,
02月07日,02/07,08.01,銀河星系鷹之月,紅色啟動之週,"紅色29
Hunab Ku→紅地球","DALI 01
頂輪(目標)",V21:H20,88,行星黃星星,10 Yax:學生清晰了心智地圖，考慮尚未成熟之所在,,,-1,069,,
02月08日,02/08,08.02,銀河星系鷹之月,紅色啟動之週,"紅色29
Hunab Ku→紅地球","SELI 02
海底輪(流動)",V20:H20,88,行星黃星星,10 Yax:學生清晰了心智地圖，考慮尚未成熟之所在,,,-1,070,,
02月09日,02/09,08.03,銀河星系鷹之月,紅色啟動之週,"紅色29
Hunab Ku→紅地球","GAMMA 03
眉心輪(平靜)",V19:H20,88,行星黃星星,10 Yax:學生清晰了心智地圖，考慮尚未成熟之所在,,,-1,071,,
02月10日,02/10,08.04,銀河星系鷹之月,紅色啟動之週,"紅色29
Hunab Ku→紅地球","KALI 04 
臍輪(建立)",V18:H20,93,月亮紅天行者,10 Yax:學生清晰了心智地圖，考慮尚未成熟之所在,,,-1,072,,
02月11日,02/11,08.05,銀河星系鷹之月,紅色啟動之週,"紅色29
Hunab Ku→紅地球","ALPHA 05
喉輪(釋放)",V17:H20,93,月亮紅天行者,11 Sac:驅散疑雲，振奮自己,,,-1,073,,
02月12日,02/12,08.06,銀河星系鷹之月,紅色啟動之週,"紅色29
Hunab Ku→紅地球","LIMI 06 
胃輪(淨化)",V16:H20,93,月亮紅天行者,11 Sac:驅散疑雲，振奮自己,,,-1,074,,
02月13日,02/13,08.07,銀河星系鷹之月,紅色啟動之週,"紅色29
Hunab Ku→紅地球","SILIO 07
心輪(發射)",V15:H20,139,太陽藍風暴,11 Sac:驅散疑雲，振奮自己,,,-1,075,,
02月14日,02/14,08.08,銀河星系鷹之月,白色淨化之週,"白色30
Hunab Ku→白鏡","DALI 08
頂輪(目標)",V7:H20,140,行星黃太陽,11 Sac:驅散疑雲，振奮自己,,,-1,076,,
02月15日,02/15,08.09,銀河星系鷹之月,白色淨化之週,"白色30
Hunab Ku→白鏡","SELI 09
海底輪(流動)",V6:H20,141,光譜紅龍,11 Sac:驅散疑雲，振奮自己,,,-1,077,,
02月16日,02/16,08.10,銀河星系鷹之月,白色淨化之週,"白色30
Hunab Ku→白鏡","GAMMA 10
眉心輪(平靜)",V5:H20,142,水晶白風,11 Sac:驅散疑雲，振奮自己,,,-1,078,,
02月17日,02/17,08.11,銀河星系鷹之月,白色淨化之週,"白色30
Hunab Ku→白鏡","KALI 11
臍輪(建立)",V4:H20,143,宇宙藍夜,11 Sac:驅散疑雲，振奮自己,,,-1,079,,
02月18日,02/18,08.12,銀河星系鷹之月,白色淨化之週,"白色30
Hunab Ku→白鏡","ALPHA 12
喉輪(釋放)",V3:H20,144,磁性黃種子,11 Sac:驅散疑雲，振奮自己,,,-1,080,,
02月19日,02/19,08.13,銀河星系鷹之月,白色淨化之週,"白色30
Hunab Ku→白鏡","LIMI 13
胃輪(淨化)",V2:H20,145,月亮紅蛇,11 Sac:驅散疑雲，振奮自己,,,-1,081,,
02月20日,02/20,08.14,銀河星系鷹之月,白色淨化之週,"白色30
Hunab Ku→白鏡","SILIO 14
心輪(發射)",V1:H20,156,宇宙黃戰士,11 Sac:驅散疑雲，振奮自己,,,-1,082,,
02月21日,02/21,08.15,銀河星系鷹之月,藍色蛻變之週,"藍色31
Hunab Ku→藍風暴","DALI 15
頂輪(目標)",V21:H6,157,磁性紅地球,11 Sac:驅散疑雲，振奮自己,,,-1,083,,
02月22日,02/22,08.16,銀河星系鷹之月,藍色蛻變之週,"藍色31
Hunab Ku→藍風暴","SELI 16
海底輪(流動)",V20:H6,158,月亮白鏡,11 Sac:驅散疑雲，振奮自己,,,-1,084,,
02月23日,02/23,08.17,銀河星系鷹之月,藍色蛻變之週,"藍色31
Hunab Ku→藍風暴","GAMMA 17
眉心輪(平靜)",V19:H6,159,電力藍風暴,11 Sac:驅散疑雲，振奮自己,,,-1,085,,
02月24日,02/24,08.18,銀河星系鷹之月,藍色蛻變之週,"藍色31
Hunab Ku→藍風暴","KALI 18
臍輪(建立)",V18:H6,160,自我存在黃太陽,11 Sac:驅散疑雲，振奮自己,,,-1,086,,
02月25日,02/25,08.19,銀河星系鷹之月,藍色蛻變之週,"藍色31
Hunab Ku→藍風暴","ALPHA 19
喉輪(釋放)",V17:H6,161,超頻紅龍,11 Sac:驅散疑雲，振奮自己,,,-1,087,,
02月26日,02/26,08.20,銀河星系鷹之月,藍色蛻變之週,"藍色31
Hunab Ku→藍風暴","LIMI 20 
胃輪(淨化)",V16:H6,162,韻律白風,11 Sac:驅散疑雲，振奮自己,,,-1,088,,
02月27日,02/27,08.21,銀河星系鷹之月,藍色蛻變之週,"藍色31
Hunab Ku→藍風暴","SILIO 21
心輪(發射)",V15:H6,163,共振藍夜,11 Sac:驅散疑雲，振奮自己,,,-1,089,,
02月28日,02/28,08.22,銀河星系鷹之月,黃色收穫之週,"黃色32
Hunab Ku→黃太陽","DALI 22
頂輪(目標)",V7:H6,164,銀河星系黃種子,11 Sac:驅散疑雲，振奮自己,,,-1,090,,
2/29上,2/29上,08.22,銀河星系鷹之月,黃色收穫之週,"黃色32
Hunab Ku→黃太陽","DALI 22
頂輪(目標)",V7:H6,164,銀河星系黃種子,11 Sac:驅散疑雲，振奮自己,,,,090,,
2/29下,2/29下,08.23,銀河星系鷹之月,黃色收穫之週,"黃色32
Hunab Ku→黃太陽","SELI 23
海底輪(流動)",V6:H6,168,水晶黃星星,11 Sac:驅散疑雲，振奮自己,,,,091,,
03月01日,03/01,08.23,銀河星系鷹之月,黃色收穫之週,"黃色32
Hunab Ku→黃太陽","SELI 23
海底輪(流動)",V6:H6,168,水晶黃星星,11 Sac:驅散疑雲，振奮自己,,,-1,091,,
03月02日,03/02,08.24,銀河星系鷹之月,黃色收穫之週,"黃色32
Hunab Ku→黃太陽","GAMMA 24
眉心輪(平靜)",V5:H6,168,水晶黃星星,11 Sac:驅散疑雲，振奮自己,,,-1,092,,
03月03日,03/03,08.25,銀河星系鷹之月,黃色收穫之週,"黃色32
Hunab Ku→黃太陽","KALI 25
臍輪(建立)",V4:H6,168,水晶黃星星,12 Ceh:以日常的告誡來破除，且到達白光,,,-1,093,,
03月04日,03/04,08.26,銀河星系鷹之月,黃色收穫之週,"黃色32
Hunab Ku→黃太陽","ALPHA 26
喉輪(釋放)",V3:H6,173,自我存在紅天行者,12 Ceh:以日常的告誡來破除，且到達白光,,,-1,094,,
03月05日,03/05,08.27,銀河星系鷹之月,黃色收穫之週,"黃色32
Hunab Ku→黃太陽","LIMI 27 
胃輪(淨化)",V2:H6,173,自我存在紅天行者,12 Ceh:以日常的告誡來破除，且到達白光,,,-1,095,,
03月06日,03/06,08.28,銀河星系鷹之月,黃色收穫之週,"黃色32
Hunab Ku→黃太陽","SILIO 28
心輪(發射)",V1:H6,173,自我存在紅天行者,12 Ceh:以日常的告誡來破除，且到達白光,,,-1,096,,
03月07日,03/07,09.01,太陽豹之月,紅色啟動之週,"紅色33
紅蛇→紅地球","DALI 01
頂輪(目標)",V21:H19,106,月亮白世界橋,12 Ceh:以日常的告誡來破除，且到達白光,,,-1,097,,
03月08日,03/08,09.02,太陽豹之月,紅色啟動之週,"紅色33
紅蛇→紅地球","SELI 02
海底輪(流動)",V20:H19,106,月亮白世界橋,12 Ceh:以日常的告誡來破除，且到達白光,,,-1,098,,
03月09日,03/09,09.03,太陽豹之月,紅色啟動之週,"紅色33
紅蛇→紅地球","GAMMA 03
眉心輪(平靜)",V19:H19,106,月亮白世界橋,12 Ceh:以日常的告誡來破除，且到達白光,,,-1,099,,
03月10日,03/10,09.04,太陽豹之月,紅色啟動之週,"紅色33
紅蛇→紅地球","KALI 04 
臍輪(建立)",V18:H19,115,光譜藍鷹,12 Ceh:以日常的告誡來破除，且到達白光,,,-1,100,,
03月11日,03/11,09.05,太陽豹之月,紅色啟動之週,"紅色33
紅蛇→紅地球","ALPHA 05
喉輪(釋放)",V17:H19,115,光譜藍鷹,12 Ceh:以日常的告誡來破除，且到達白光,,,-1,101,,
03月12日,03/12,09.06,太陽豹之月,紅色啟動之週,"紅色33
紅蛇→紅地球","LIMI 06 
胃輪(淨化)",V16:H19,115,光譜藍鷹,12 Ceh:以日常的告誡來破除，且到達白光,,,-1,102,,
03月13日,03/13,09.07,太陽豹之月,紅色啟動之週,"紅色33
紅蛇→紅地球","SILIO 07
心輪(發射)",V15:H19,166,行星白世界橋,12 Ceh:以日常的告誡來破除，且到達白光,,,-1,103,,
03月14日,03/14,09.08,太陽豹之月,白色淨化之週,"白色34
紅地球→黃人","DALI 08
頂輪(目標)",V7:H19,167,光譜藍手,12 Ceh:以日常的告誡來破除，且到達白光,,,-1,104,,
03月15日,03/15,09.09,太陽豹之月,白色淨化之週,"白色34
紅地球→黃人","SELI 09
海底輪(流動)",V6:H19,169,宇宙紅月,12 Ceh:以日常的告誡來破除，且到達白光,,,-1,105,,
03月16日,03/16,09.10,太陽豹之月,白色淨化之週,"白色34
紅地球→黃人","GAMMA 10
眉心輪(平靜)",V5:H19,170,磁性白狗,12 Ceh:以日常的告誡來破除，且到達白光,,,-1,106,,
03月17日,03/17,09.11,太陽豹之月,白色淨化之週,"白色34
紅地球→黃人","KALI 11
臍輪(建立)",V4:H19,171,月亮藍猴,12 Ceh:以日常的告誡來破除，且到達白光,,,-1,107,,
03月18日,03/18,09.12,太陽豹之月,白色淨化之週,"白色34
紅地球→黃人","ALPHA 12
喉輪(釋放)",V3:H19,172,電力黃人,12 Ceh:以日常的告誡來破除，且到達白光,,,-1,108,,
03月19日,03/19,09.13,太陽豹之月,白色淨化之週,"白色34
紅地球→黃人","LIMI 13
胃輪(淨化)",V2:H19,174,超頻白巫師,12 Ceh:以日常的告誡來破除，且到達白光,,,-1,109,,
03月20日,03/20,09.14,太陽豹之月,白色淨化之週,"白色34
紅地球→黃人","SILIO 14
心輪(發射)",V1:H19,175,韻律藍鷹,12 Ceh:以日常的告誡來破除，且到達白光,,,-1,110,,
03月21日,03/21,09.15,太陽豹之月,藍色蛻變之週,"藍色35
白世界橋→藍風暴","DALI 15
頂輪(目標)",V21:H5,177,銀河星系紅地球,12 Ceh:以日常的告誡來破除，且到達白光,,,-1,111,,
03月22日,03/22,09.16,太陽豹之月,藍色蛻變之週,"藍色35
白世界橋→藍風暴","SELI 16
海底輪(流動)",V20:H5,178,太陽白鏡,12 Ceh:以日常的告誡來破除，且到達白光,,,-1,112,,
03月23日,03/23,09.17,太陽豹之月,藍色蛻變之週,"藍色35
白世界橋→藍風暴","GAMMA 17
眉心輪(平靜)",V19:H5,179,行星藍風暴,13 Mac:終結模稜兩可的部分，進入出神狂喜之境,,,-1,065,,
03月24日,03/24,09.18,太陽豹之月,藍色蛻變之週,"藍色35
白世界橋→藍風暴","KALI 18
臍輪(建立)",V18:H5,180,光譜黃太陽,13 Mac:終結模稜兩可的部分，進入出神狂喜之境,,,-1,066,,
03月25日,03/25,09.19,太陽豹之月,藍色蛻變之週,"藍色35
白世界橋→藍風暴","ALPHA 19
喉輪(釋放)",V17:H5,181,水晶紅龍,13 Mac:終結模稜兩可的部分，進入出神狂喜之境,,,-1,067,,
03月26日,03/26,09.20,太陽豹之月,藍色蛻變之週,"藍色35
白世界橋→藍風暴","LIMI 20 
胃輪(淨化)",V16:H5,182,宇宙白風,13 Mac:終結模稜兩可的部分，進入出神狂喜之境,,,-1,068,,
03月27日,03/27,09.21,太陽豹之月,藍色蛻變之週,"藍色35
白世界橋→藍風暴","SILIO 21
心輪(發射)",V15:H5,183,磁性藍夜,13 Mac:終結模稜兩可的部分，進入出神狂喜之境,,,-1,069,,
03月28日,03/28,09.22,太陽豹之月,黃色收穫之週,"黃色36
藍風暴→藍猴","DALI 22
頂輪(目標)",V7:H5,185,電力紅蛇,13 Mac:終結模稜兩可的部分，進入出神狂喜之境,,,-1,070,,
03月29日,03/29,09.23,太陽豹之月,黃色收穫之週,"黃色36
藍風暴→藍猴","SELI 23
海底輪(流動)",V6:H5,146,電力白世界橋,13 Mac:終結模稜兩可的部分，進入出神狂喜之境,,,-1,071,,
03月30日,03/30,09.24,太陽豹之月,黃色收穫之週,"黃色36
藍風暴→藍猴","GAMMA 24
眉心輪(平靜)",V5:H5,146,電力白世界橋,13 Mac:終結模稜兩可的部分，進入出神狂喜之境,,,-1,072,,
03月31日,03/31,09.25,太陽豹之月,黃色收穫之週,"黃色36
藍風暴→藍猴","KALI 25
臍輪(建立)",V4:H5,146,電力白世界橋,13 Mac:終結模稜兩可的部分，進入出神狂喜之境,,,-1,073,,
04月01日,04/01,09.26,太陽豹之月,黃色收穫之週,"黃色36
藍風暴→藍猴","ALPHA 26
喉輪(釋放)",V3:H5,155,水晶藍鷹,13 Mac:終結模稜兩可的部分，進入出神狂喜之境,,,-1,074,,
04月02日,04/02,09.27,太陽豹之月,黃色收穫之週,"黃色36
藍風暴→藍猴","LIMI 27 
胃輪(淨化)",V2:H5,155,水晶藍鷹,13 Mac:終結模稜兩可的部分，進入出神狂喜之境,,,-1,075,,
04月03日,04/03,09.28,太陽豹之月,黃色收穫之週,"黃色36
藍風暴→藍猴","SILIO 28
心輪(發射)",V1:H5,155,水晶藍鷹,13 Mac:終結模稜兩可的部分，進入出神狂喜之境,,,-1,076,,
04月04日,04/04,10.01,行星狗之月,紅色啟動之週,"紅色37
黃星星→白鏡","DALI 01
頂輪(目標)",V21:H18,107,電力藍手,13 Mac:終結模稜兩可的部分，進入出神狂喜之境,,,-1,077,,
04月05日,04/05,10.02,行星狗之月,紅色啟動之週,"紅色37
黃星星→白鏡","SELI 02
海底輪(流動)",V20:H18,107,電力藍手,13 Mac:終結模稜兩可的部分，進入出神狂喜之境,,,-1,078,,
04月06日,04/06,10.03,行星狗之月,紅色啟動之週,"紅色37
黃星星→白鏡","GAMMA 03
眉心輪(平靜)",V19:H18,107,電力藍手,13 Mac:終結模稜兩可的部分，進入出神狂喜之境,,,-1,079,,
04月07日,04/07,10.04,行星狗之月,紅色啟動之週,"紅色37
黃星星→白鏡","KALI 04 
臍輪(建立)",V18:H18,114,行星白巫師,13 Mac:終結模稜兩可的部分，進入出神狂喜之境,,,-1,080,,
04月08日,04/08,10.05,行星狗之月,紅色啟動之週,"紅色37
黃星星→白鏡","ALPHA 05
喉輪(釋放)",V17:H18,114,行星白巫師,13 Mac:終結模稜兩可的部分，進入出神狂喜之境,,,-1,081,,
04月09日,04/09,10.06,行星狗之月,紅色啟動之週,"紅色37
黃星星→白鏡","LIMI 06 
胃輪(淨化)",V16:H18,114,行星白巫師,13 Mac:終結模稜兩可的部分，進入出神狂喜之境,,,-1,082,,
04月10日,04/10,10.07,行星狗之月,紅色啟動之週,"紅色37
黃星星→白鏡","SILIO 07
心輪(發射)",V15:H18,186,自我存在白世界橋,13 Mac:終結模稜兩可的部分，進入出神狂喜之境,,,-1,083,,
04月11日,04/11,10.08,行星狗之月,白色淨化之週,"白色38
白鏡→藍鷹","DALI 08
頂輪(目標)",V7:H18,187,超頻藍手,13 Mac:終結模稜兩可的部分，進入出神狂喜之境,,,-1,084,,
04月12日,04/12,10.09,行星狗之月,白色淨化之週,"白色38
白鏡→藍鷹","SELI 09
海底輪(流動)",V6:H18,188,韻律黃星星,14 Kankin:迎接知者之光,,,-1,085,,
04月13日,04/13,10.10,行星狗之月,白色淨化之週,"白色38
白鏡→藍鷹","GAMMA 10
眉心輪(平靜)",V5:H18,190,銀河星系白狗,14 Kankin:迎接知者之光,,,-1,086,,
04月14日,04/14,10.11,行星狗之月,白色淨化之週,"白色38
白鏡→藍鷹","KALI 11
臍輪(建立)",V4:H18,191,太陽藍猴,14 Kankin:迎接知者之光,,,-1,087,,
04月15日,04/15,10.12,行星狗之月,白色淨化之週,"白色38
白鏡→藍鷹","ALPHA 12
喉輪(釋放)",V3:H18,193,光譜紅天行者,14 Kankin:迎接知者之光,,,-1,088,,
04月16日,04/16,10.13,行星狗之月,白色淨化之週,"白色38
白鏡→藍鷹","LIMI 13
胃輪(淨化)",V2:H18,194,水晶白巫師,14 Kankin:迎接知者之光,,,-1,089,,
04月17日,04/17,10.14,行星狗之月,白色淨化之週,"白色38
白鏡→藍鷹","SILIO 14
心輪(發射)",V1:H18,195,宇宙藍鷹,14 Kankin:迎接知者之光,,,-1,090,,
04月18日,04/18,10.15,行星狗之月,藍色蛻變之週,"藍色39
紅月→黃太陽","DALI 15
頂輪(目標)",V21:H4,196,磁性黃戰士,14 Kankin:迎接知者之光,,,-1,091,,
04月19日,04/19,10.16,行星狗之月,藍色蛻變之週,"藍色39
紅月→黃太陽","SELI 16
海底輪(流動)",V20:H4,198,電力白鏡,14 Kankin:迎接知者之光,,,-1,092,,
04月20日,04/20,10.17,行星狗之月,藍色蛻變之週,"藍色39
紅月→黃太陽","GAMMA 17
眉心輪(平靜)",V19:H4,199,自我存在藍風暴,14 Kankin:迎接知者之光,,,-1,093,,
04月21日,04/21,10.18,行星狗之月,藍色蛻變之週,"藍色39
紅月→黃太陽","KALI 18
臍輪(建立)",V18:H4,200,超頻黃太陽,14 Kankin:迎接知者之光,,,-1,094,,
04月22日,04/22,10.19,行星狗之月,藍色蛻變之週,"藍色39
紅月→黃太陽","ALPHA 19
喉輪(釋放)",V17:H4,201,韻律紅龍,14 Kankin:迎接知者之光,,,-1,095,,
04月23日,04/23,10.20,行星狗之月,藍色蛻變之週,"藍色39
紅月→黃太陽","LIMI 20 
胃輪(淨化)",V16:H4,202,共振白風,14 Kankin:迎接知者之光,,,-1,096,,
04月24日,04/24,10.21,行星狗之月,藍色蛻變之週,"藍色39
紅月→黃太陽","SILIO 21
心輪(發射)",V15:H4,204,太陽黃種子,14 Kankin:迎接知者之光,,,-1,097,,
04月25日,04/25,10.22,行星狗之月,黃色收穫之週,"黃色40
黃太陽→白巫師","DALI 22
頂輪(目標)",V7:H4,205,行星紅蛇,14 Kankin:迎接知者之光,,,-1,098,,
04月26日,04/26,10.23,行星狗之月,黃色收穫之週,"黃色40
黃太陽→白巫師","SELI 23
海底輪(流動)",V6:H4,147,自我存在藍手,14 Kankin:迎接知者之光,,,-1,099,,
04月27日,04/27,10.24,行星狗之月,黃色收穫之週,"黃色40
黃太陽→白巫師","GAMMA 24
眉心輪(平靜)",V5:H4,147,自我存在藍手,14 Kankin:迎接知者之光,,,-1,100,,
04月28日,04/28,10.25,行星狗之月,黃色收穫之週,"黃色40
黃太陽→白巫師","KALI 25
臍輪(建立)",V4:H4,147,自我存在藍手,14 Kankin:迎接知者之光,,,-1,101,,
04月29日,04/29,10.26,行星狗之月,黃色收穫之週,"黃色40
黃太陽→白巫師","ALPHA 26
喉輪(釋放)",V3:H4,154,光譜白巫師,14 Kankin:迎接知者之光,,,-1,102,,
04月30日,04/30,10.27,行星狗之月,黃色收穫之週,"黃色40
黃太陽→白巫師","LIMI 27 
胃輪(淨化)",V2:H4,154,光譜白巫師,14 Kankin:迎接知者之光,,,-1,103,,
05月01日,05/01,10.28,行星狗之月,黃色收穫之週,"黃色40
黃太陽→白巫師","SILIO 28
心輪(發射)",V1:H4,154,光譜白巫師,14 Kankin:迎接知者之光,,,-1,104,,
05月02日,05/02,11.01,光譜蛇之月,紅色啟動之週,"紅色41
紅蛇→藍鷹","DALI 01
頂輪(目標)",V21:H17,108,自我存在黃星星,15 Moan:為了要在黑暗中看見,,,-1,105,,
05月03日,05/03,11.02,光譜蛇之月,紅色啟動之週,"紅色41
紅蛇→藍鷹","SELI 02
海底輪(流動)",V20:H17,108,自我存在黃星星,15 Moan:為了要在黑暗中看見,,,-1,106,,
05月04日,05/04,11.03,光譜蛇之月,紅色啟動之週,"紅色41
紅蛇→藍鷹","GAMMA 03
眉心輪(平靜)",V19:H17,108,自我存在黃星星,15 Moan:為了要在黑暗中看見,,,-1,107,,
05月05日,05/05,11.04,光譜蛇之月,紅色啟動之週,"紅色41
紅蛇→藍鷹","KALI 04 
臍輪(建立)",V18:H17,113,太陽紅天行者,15 Moan:為了要在黑暗中看見,,,-1,108,,
05月06日,05/06,11.05,光譜蛇之月,紅色啟動之週,"紅色41
紅蛇→藍鷹","ALPHA 05
喉輪(釋放)",V17:H17,113,太陽紅天行者,15 Moan:為了要在黑暗中看見,,,-1,109,,
05月07日,05/07,11.06,光譜蛇之月,紅色啟動之週,"紅色41
紅蛇→藍鷹","LIMI 06 
胃輪(淨化)",V16:H17,113,太陽紅天行者,15 Moan:為了要在黑暗中看見,,,-1,110,,
05月08日,05/08,11.07,光譜蛇之月,紅色啟動之週,"紅色41
紅蛇→藍鷹","SILIO 07
心輪(發射)",V15:H17,206,光譜白世界橋,15 Moan:為了要在黑暗中看見,,,-1,111,,
05月09日,05/09,11.08,光譜蛇之月,白色淨化之週,"白色42
白世界橋→黃星星","DALI 08
頂輪(目標)",V7:H17,207,水晶藍手,15 Moan:為了要在黑暗中看見,,,-1,112,,
05月10日,05/10,11.09,光譜蛇之月,白色淨化之週,"白色42
白世界橋→黃星星","SELI 09
海底輪(流動)",V6:H17,208,宇宙黃星星,15 Moan:為了要在黑暗中看見,,,-1,065,,
05月11日,05/11,11.10,光譜蛇之月,白色淨化之週,"白色42
白世界橋→黃星星","GAMMA 10
眉心輪(平靜)",V5:H17,209,磁性紅月,15 Moan:為了要在黑暗中看見,,,-1,066,,
05月12日,05/12,11.11,光譜蛇之月,白色淨化之週,"白色42
白世界橋→黃星星","KALI 11
臍輪(建立)",V4:H17,212,自我存在黃人,15 Moan:為了要在黑暗中看見,,,-1,067,,
05月13日,05/13,11.12,光譜蛇之月,白色淨化之週,"白色42
白世界橋→黃星星","ALPHA 12
喉輪(釋放)",V3:H17,213,超頻紅天行者,15 Moan:為了要在黑暗中看見,,,-1,068,,
05月14日,05/14,11.13,光譜蛇之月,白色淨化之週,"白色42
白世界橋→黃星星","LIMI 13
胃輪(淨化)",V2:H17,214,韻律白巫師,15 Moan:為了要在黑暗中看見,,,-1,069,,
05月15日,05/15,11.14,光譜蛇之月,白色淨化之週,"白色42
白世界橋→黃星星","SILIO 14
心輪(發射)",V1:H17,215,共振藍鷹,15 Moan:為了要在黑暗中看見,,,-1,070,,
05月16日,05/16,11.15,光譜蛇之月,藍色蛻變之週,"藍色43
紅月→藍猴","DALI 15
頂輪(目標)",V21:H3,216,銀河星系黃戰士,15 Moan:為了要在黑暗中看見,,,-1,071,,
05月17日,05/17,11.16,光譜蛇之月,藍色蛻變之週,"藍色43
紅月→藍猴","SELI 16
海底輪(流動)",V20:H3,217,太陽紅地球,15 Moan:為了要在黑暗中看見,,,-1,072,,
05月18日,05/18,11.17,光譜蛇之月,藍色蛻變之週,"藍色43
紅月→藍猴","GAMMA 17
眉心輪(平靜)",V19:H3,219,光譜藍風暴,15 Moan:為了要在黑暗中看見,,,-1,073,,
05月19日,05/19,11.18,光譜蛇之月,藍色蛻變之週,"藍色43
紅月→藍猴","KALI 18
臍輪(建立)",V18:H3,220,水晶黃太陽,15 Moan:為了要在黑暗中看見,,,-1,074,,
05月20日,05/20,11.19,光譜蛇之月,藍色蛻變之週,"藍色43
紅月→藍猴","ALPHA 19
喉輪(釋放)",V17:H3,221,宇宙紅龍,15 Moan:為了要在黑暗中看見,,,-1,075,,
05月21日,05/21,11.20,光譜蛇之月,藍色蛻變之週,"藍色43
紅月→藍猴","LIMI 20 
胃輪(淨化)",V16:H3,223,月亮藍夜,15 Moan:為了要在黑暗中看見,,,-1,076,,
05月22日,05/22,11.21,光譜蛇之月,藍色蛻變之週,"藍色43
紅月→藍猴","SILIO 21
心輪(發射)",V15:H3,224,電力黃種子,16 Pax:觸碰未來樂音,,,-1,077,,
05月23日,05/23,11.22,光譜蛇之月,黃色收穫之週,"黃色44
黃人→白巫師","DALI 22
頂輪(目標)",V7:H3,225,自我存在紅蛇,16 Pax:觸碰未來樂音,,,-1,078,,
05月24日,05/24,11.23,光譜蛇之月,黃色收穫之週,"黃色44
黃人→白巫師","SELI 23
海底輪(流動)",V6:H3,148,超頻黃星星,16 Pax:觸碰未來樂音,,,-1,079,,
05月25日,05/25,11.24,光譜蛇之月,黃色收穫之週,"黃色44
黃人→白巫師","GAMMA 24
眉心輪(平靜)",V5:H3,148,超頻黃星星,16 Pax:觸碰未來樂音,,,-1,080,,
05月26日,05/26,11.25,光譜蛇之月,黃色收穫之週,"黃色44
黃人→白巫師","KALI 25
臍輪(建立)",V4:H3,148,超頻黃星星,16 Pax:觸碰未來樂音,,,-1,081,,
05月27日,05/27,11.26,光譜蛇之月,黃色收穫之週,"黃色44
黃人→白巫師","ALPHA 26
喉輪(釋放)",V3:H3,153,行星紅天行者,16 Pax:觸碰未來樂音,,,-1,082,,
05月28日,05/28,11.27,光譜蛇之月,黃色收穫之週,"黃色44
黃人→白巫師","LIMI 27 
胃輪(淨化)",V2:H3,153,行星紅天行者,16 Pax:觸碰未來樂音,,,-1,083,,
05月29日,05/29,11.28,光譜蛇之月,黃色收穫之週,"黃色44
黃人→白巫師","SILIO 28
心輪(發射)",V1:H3,153,行星紅天行者,16 Pax:觸碰未來樂音,,,-1,084,,
05月30日,05/30,12.01,水晶兔之月,紅色啟動之週,"紅色45
白鏡→紅蛇","DALI 01
頂輪(目標)",V21:H16,109,超頻紅月,16 Pax:觸碰未來樂音,,,-1,085,,
05月31日,05/31,12.02,水晶兔之月,紅色啟動之週,"紅色45
白鏡→紅蛇","SELI 02
海底輪(流動)",V20:H16,109,超頻紅月,16 Pax:觸碰未來樂音,,,-1,086,,
06月01日,06/01,12.03,水晶兔之月,紅色啟動之週,"紅色45
白鏡→紅蛇","GAMMA 03
眉心輪(平靜)",V19:H16,109,超頻紅月,16 Pax:觸碰未來樂音,,,-1,087,,
06月02日,06/02,12.04,水晶兔之月,紅色啟動之週,"紅色45
白鏡→紅蛇","KALI 04 
臍輪(建立)",V18:H16,112,銀河星系黃人,16 Pax:觸碰未來樂音,,,-1,088,,
06月03日,06/03,12.05,水晶兔之月,紅色啟動之週,"紅色45
白鏡→紅蛇","ALPHA 05
喉輪(釋放)",V17:H16,112,銀河星系黃人,16 Pax:觸碰未來樂音,,,-1,089,,
06月04日,06/04,12.06,水晶兔之月,紅色啟動之週,"紅色45
白鏡→紅蛇","LIMI 06 
胃輪(淨化)",V16:H16,112,銀河星系黃人,16 Pax:觸碰未來樂音,,,-1,090,,
06月05日,06/05,12.07,水晶兔之月,紅色啟動之週,"紅色45
白鏡→紅蛇","SILIO 07
心輪(發射)",V15:H16,226,超頻白世界橋,16 Pax:觸碰未來樂音,,,-1,091,,
06月06日,06/06,12.08,水晶兔之月,白色淨化之週,"白色46
白鏡→白世界橋","DALI 08
頂輪(目標)",V7:H16,227,韻律藍手,16 Pax:觸碰未來樂音,,,-1,092,,
06月07日,06/07,12.09,水晶兔之月,白色淨化之週,"白色46
白鏡→白世界橋","SELI 09
海底輪(流動)",V6:H16,228,共振黃星星,16 Pax:觸碰未來樂音,,,-1,093,,
06月08日,06/08,12.10,水晶兔之月,白色淨化之週,"白色46
白鏡→白世界橋","GAMMA 10
眉心輪(平靜)",V5:H16,229,銀河星系紅月,16 Pax:觸碰未來樂音,,,-1,094,,
06月09日,06/09,12.11,水晶兔之月,白色淨化之週,"白色46
白鏡→白世界橋","KALI 11
臍輪(建立)",V4:H16,230,太陽白狗,16 Pax:觸碰未來樂音,,,-1,095,,
06月10日,06/10,12.12,水晶兔之月,白色淨化之週,"白色46
白鏡→白世界橋","ALPHA 12
喉輪(釋放)",V3:H16,231,行星藍猴,16 Pax:觸碰未來樂音,,,-1,096,,
06月11日,06/11,12.13,水晶兔之月,白色淨化之週,"白色46
白鏡→白世界橋","LIMI 13
胃輪(淨化)",V2:H16,232,光譜黃人,17 Kayab:跟著歌聲與旋律,,,-1,097,,
06月12日,06/12,12.14,水晶兔之月,白色淨化之週,"白色46
白鏡→白世界橋","SILIO 14
心輪(發射)",V1:H16,233,水晶紅天行者,17 Kayab:跟著歌聲與旋律,,,-1,098,,
06月13日,06/13,12.15,水晶兔之月,藍色蛻變之週,"藍色47
藍風暴→黃星星","DALI 15
頂輪(目標)",V21:H2,234,宇宙白巫師,17 Kayab:跟著歌聲與旋律,,,-1,099,,
06月14日,06/14,12.16,水晶兔之月,藍色蛻變之週,"藍色47
藍風暴→黃星星","SELI 16
海底輪(流動)",V20:H2,235,磁性藍鷹,17 Kayab:跟著歌聲與旋律,,,-1,100,,
06月15日,06/15,12.17,水晶兔之月,藍色蛻變之週,"藍色47
藍風暴→黃星星","GAMMA 17
眉心輪(平靜)",V19:H2,236,月亮黃戰士,17 Kayab:跟著歌聲與旋律,,,-1,101,,
06月16日,06/16,12.18,水晶兔之月,藍色蛻變之週,"藍色47
藍風暴→黃星星","KALI 18
臍輪(建立)",V18:H2,237,電力紅地球,17 Kayab:跟著歌聲與旋律,,,-1,102,,
06月17日,06/17,12.19,水晶兔之月,藍色蛻變之週,"藍色47
藍風暴→黃星星","ALPHA 19
喉輪(釋放)",V17:H2,238,自我存在白鏡,17 Kayab:跟著歌聲與旋律,,,-1,103,,
06月18日,06/18,12.20,水晶兔之月,藍色蛻變之週,"藍色47
藍風暴→黃星星","LIMI 20 
胃輪(淨化)",V16:H2,240,韻律黃太陽,17 Kayab:跟著歌聲與旋律,,,-1,104,,
06月19日,06/19,12.21,水晶兔之月,藍色蛻變之週,"藍色47
藍風暴→黃星星","SILIO 21
心輪(發射)",V15:H2,242,銀河星系白風,17 Kayab:跟著歌聲與旋律,,,-1,105,,
06月20日,06/20,12.22,水晶兔之月,黃色收穫之週,"黃色48
藍風暴→紅月","DALI 22
頂輪(目標)",V7:H2,243,太陽藍夜,17 Kayab:跟著歌聲與旋律,,,-1,106,,
06月21日,06/21,12.23,水晶兔之月,黃色收穫之週,"黃色48
藍風暴→紅月","SELI 23
海底輪(流動)",V6:H2,149,韻律紅月,17 Kayab:跟著歌聲與旋律,,,-1,107,,
06月22日,06/22,12.24,水晶兔之月,黃色收穫之週,"黃色48
藍風暴→紅月","GAMMA 24
眉心輪(平靜)",V5:H2,149,韻律紅月,17 Kayab:跟著歌聲與旋律,,,-1,108,,
06月23日,06/23,12.25,水晶兔之月,黃色收穫之週,"黃色48
藍風暴→紅月","KALI 25
臍輪(建立)",V4:H2,149,韻律紅月,17 Kayab:跟著歌聲與旋律,,,-1,109,,
06月24日,06/24,12.26,水晶兔之月,黃色收穫之週,"黃色48
藍風暴→紅月","ALPHA 26
喉輪(釋放)",V3:H2,152,太陽黃人,17 Kayab:跟著歌聲與旋律,,,-1,110,,
06月25日,06/25,12.27,水晶兔之月,黃色收穫之週,"黃色48
藍風暴→紅月","LIMI 27 
胃輪(淨化)",V2:H2,152,太陽黃人,17 Kayab:跟著歌聲與旋律,,,-1,111,,
06月26日,06/26,12.28,水晶兔之月,黃色收穫之週,"黃色48
藍風暴→紅月","SILIO 28
心輪(發射)",V1:H2,152,太陽黃人,17 Kayab:跟著歌聲與旋律,,,-1,112,,
06月27日,06/27,13.01,宇宙龜之月,紅色啟動之週,"紅色49
黃太陽→藍猴","DALI 01
頂輪(目標)",V21:H15,110,韻律白狗,17 Kayab:跟著歌聲與旋律,,,-1,065/066,,
06月28日,06/28,13.02,宇宙龜之月,紅色啟動之週,"紅色49
黃太陽→藍猴","SELI 02
海底輪(流動)",V20:H15,110,韻律白狗,17 Kayab:跟著歌聲與旋律,,,-1,067/068,,
06月29日,06/29,13.03,宇宙龜之月,紅色啟動之週,"紅色49
黃太陽→藍猴","GAMMA 03
眉心輪(平靜)",V19:H15,110,韻律白狗,17 Kayab:跟著歌聲與旋律,,,-1,069/070,,
06月30日,06/30,13.04,宇宙龜之月,紅色啟動之週,"紅色49
黃太陽→藍猴","KALI 04 
臍輪(建立)",V18:H15,111,共振藍猴,17 Kayab:跟著歌聲與旋律,,,-1,071/072,,
07月01日,07/01,13.05,宇宙龜之月,紅色啟動之週,"紅色49
黃太陽→藍猴","ALPHA 05
喉輪(釋放)",V17:H15,111,共振藍猴,18 Cumhu:位在獲得神性精神食糧的正確位置,,,-1,073/074,,
07月02日,07/02,13.06,宇宙龜之月,紅色啟動之週,"紅色49
黃太陽→藍猴","LIMI 06 
胃輪(淨化)",V16:H15,111,共振藍猴,18 Cumhu:位在獲得神性精神食糧的正確位置,,,-1,075/076,,
07月03日,07/03,13.07,宇宙龜之月,紅色啟動之週,"紅色49
黃太陽→藍猴","SILIO 07
心輪(發射)",V15:H15,244,行星黃種子,18 Cumhu:位在獲得神性精神食糧的正確位置,,,-1,077/078,,
07月04日,07/04,13.08,宇宙龜之月,白色淨化之週,"白色50
黃太陽→黃人","DALI 08
頂輪(目標)",V7:H15,245,光譜紅蛇,18 Cumhu:位在獲得神性精神食糧的正確位置,,,-1,079/080,,
07月05日,07/05,13.09,宇宙龜之月,白色淨化之週,"白色50
黃太陽→黃人","SELI 09
海底輪(流動)",V6:H15,246,水晶白世界橋,18 Cumhu:位在獲得神性精神食糧的正確位置,,,-1,081/082,,
07月06日,07/06,13.10,宇宙龜之月,白色淨化之週,"白色50
黃太陽→黃人","GAMMA 10
眉心輪(平靜)",V5:H15,247,宇宙藍手,18 Cumhu:位在獲得神性精神食糧的正確位置,,,-1,083/084,,
07月07日,07/07,13.11,宇宙龜之月,白色淨化之週,"白色50
黃太陽→黃人","KALI 11
臍輪(建立)",V4:H15,248,磁性黃星星,18 Cumhu:位在獲得神性精神食糧的正確位置,,,-1,085/086,,
07月08日,07/08,13.12,宇宙龜之月,白色淨化之週,"白色50
黃太陽→黃人","ALPHA 12
喉輪(釋放)",V3:H15,249,月亮紅月,18 Cumhu:位在獲得神性精神食糧的正確位置,,,-1,087/088,,
07月09日,07/09,13.13,宇宙龜之月,白色淨化之週,"白色50
黃太陽→黃人","LIMI 13
胃輪(淨化)",V2:H15,250,電力白狗,18 Cumhu:位在獲得神性精神食糧的正確位置,,,-1,089/090,,
07月10日,07/10,13.14,宇宙龜之月,白色淨化之週,"白色50
黃太陽→黃人","SILIO 14
心輪(發射)",V1:H15,251,自我存在藍猴,18 Cumhu:位在獲得神性精神食糧的正確位置,,,-1,091/092,,
07月11日,07/11,13.15,宇宙龜之月,藍色蛻變之週,"藍色51
紅地球→白巫師","DALI 15
頂輪(目標)",V21:H1,252,超頻黃人,18 Cumhu:位在獲得神性精神食糧的正確位置,,,-1,093/094,,
07月12日,07/12,13.16,宇宙龜之月,藍色蛻變之週,"藍色51
紅地球→白巫師","SELI 16
海底輪(流動)",V20:H1,253,韻律紅天行者,18 Cumhu:位在獲得神性精神食糧的正確位置,,,-1,095/906,,
07月13日,07/13,13.17,宇宙龜之月,藍色蛻變之週,"藍色51
紅地球→白巫師","GAMMA 17
眉心輪(平靜)",V19:H1,254,共振白巫師,18 Cumhu:位在獲得神性精神食糧的正確位置,,,-1,097/098,,
07月14日,07/14,13.18,宇宙龜之月,藍色蛻變之週,"藍色51
紅地球→白巫師","KALI 18
臍輪(建立)",V18:H1,255,銀河星系藍鷹,18 Cumhu:位在獲得神性精神食糧的正確位置,,,-1,099/100,,
07月15日,07/15,13.19,宇宙龜之月,藍色蛻變之週,"藍色51
紅地球→白巫師","ALPHA 19
喉輪(釋放)",V17:H1,256,太陽黃戰士,18 Cumhu:位在獲得神性精神食糧的正確位置,,,-1,101/102,,
07月16日,07/16,13.20,宇宙龜之月,藍色蛻變之週,"藍色51
紅地球→白巫師","LIMI 20 
胃輪(淨化)",V16:H1,257,行星紅地球,18 Cumhu:位在獲得神性精神食糧的正確位置,,,-1,103/104,,
07月17日,07/17,13.21,宇宙龜之月,藍色蛻變之週,"藍色51
紅地球→白巫師","SILIO 21
心輪(發射)",V15:H1,258,光譜白鏡,18 Cumhu:位在獲得神性精神食糧的正確位置,,,-1,105/106,,
07月18日,07/18,13.22,宇宙龜之月,黃色收穫之週,"黃色52
紅地球→藍鷹","DALI 22
頂輪(目標)",V7:H1,259,水晶藍風暴,18 Cumhu:位在獲得神性精神食糧的正確位置,,,-1,107/108,,
07月19日,07/19,13.23,宇宙龜之月,黃色收穫之週,"黃色52
紅地球→藍鷹","SELI 23
海底輪(流動)",V6:H1,150,共振白狗,18 Cumhu:位在獲得神性精神食糧的正確位置,,,-1,109/110,,
07月20日,07/20,13.24,宇宙龜之月,黃色收穫之週,"黃色52
紅地球→藍鷹","GAMMA 24
眉心輪(平靜)",V5:H1,150,共振白狗,18 Cumhu:位在獲得神性精神食糧的正確位置,,,-1,111/112,,
07月21日,07/21,13.25,宇宙龜之月,黃色收穫之週,"黃色52
紅地球→藍鷹","KALI 25
臍輪(建立)",V4:H1,150,共振白狗,19 Uyeb:為了獲得珍寶所需的一切,,,-1,C#,,
07月22日,07/22,13.26,宇宙龜之月,黃色收穫之週,"黃色52
紅地球→藍鷹","ALPHA 26
喉輪(釋放)",V3:H1,151,銀河星系藍猴,19 Uyeb:為了獲得珍寶所需的一切,,,-1,Eb,,
07月23日,07/23,13.27,宇宙龜之月,黃色收穫之週,"黃色52
紅地球→藍鷹","LIMI 27 
胃輪(淨化)",V2:H1,151,銀河星系藍猴,19 Uyeb:為了獲得珍寶所需的一切,,,-1,F#,,
07月24日,07/24,13.28,宇宙龜之月,黃色收穫之週,"黃色52
紅地球→藍鷹","SILIO 28
心輪(發射)",V1:H1,151,銀河星系藍猴,19 Uyeb:為了獲得珍寶所需的一切,,,-1,G#,,
07月25日,07/25,無時間日,,,,,,,,19 Uyeb:為了獲得珍寶所需的一切,,,-1,Bb,,
