流年,出生月,出生日,KIN,主印記,主印記(含波符),對應星際年,對應KIN,星際流年,顯示日期,瑪雅生日,對應瑪雅年,諧波,,,,,
2025,8,10,139,太陽藍風暴,藍猴波符太陽藍風暴,NS 1.38,124,共振黃種子,08/10,01.16,2025,"諧波35
行星的母體矩陣，自我調整顯化的宇宙之火",,,,,
,,,,,,,,,,,,,,,,,
五大神諭,KIN,主印記,主印記(含波符),波符加印記城堡,波符加印記城堡銀河季節,調性數字,調性,圖騰數字,圖騰,,,,,,,,
流年印記,139,太陽藍風暴,藍猴波符太陽藍風暴,藍色西方蛻變城堡藍猴波符太陽藍風暴,開悟黃太陽黃色銀河季節藍色西方蛻變城堡藍猴波符太陽藍風暴,9,太陽,19,藍風暴,,,,,,,,
支持印記,100,太陽黃太陽,黃人波符太陽黃太陽,白色北方淨化城堡黃人波符太陽黃太陽,視野藍鷹藍色銀河季節白色北方淨化城堡黃人波符太陽黃太陽,9,太陽,20,黃太陽,,,,,,,,
擴展印記,9,太陽紅月,紅龍波符太陽紅月,紅色東方啟動城堡紅龍波符太陽紅月,愛的白狗白色銀河季節紅色東方啟動城堡紅龍波符太陽紅月,9,太陽,9,紅月,,,,,,,,
隱藏印記,122,超頻白風,白鏡波符超頻白風,藍色西方蛻變城堡白鏡波符超頻白風,開悟黃太陽黃色銀河季節藍色西方蛻變城堡白鏡波符超頻白風,5,超頻,2,白風,,,,,,,,
引導印記,35,太陽藍鷹,藍手波符太陽藍鷹,紅色東方啟動城堡藍手波符太陽藍鷹,愛的白狗白色銀河季節紅色東方啟動城堡藍手波符太陽藍鷹,9,太陽,15,藍鷹,,,,,,,,
,,,,,,,,,,,,,,,,,
,,,,,,,,,,,,,,,,,
,,,,,,,,,,,,,,,,,
流年波符,藍猴波符,,,,,,,,,,,,,,,,
,KIN,主印記,關鍵字,,,調性數字,調性,圖騰數字,圖騰,,,,,,,,
,131,磁性藍猴,目標,,,1,磁性,11,藍猴,,,,,,,,
,132,月亮黃人,挑戰,,,2,月亮,12,黃人,,,,,,,,
,133,電力紅天行者,最高品質,,,3,電力,13,紅天行者,,,,,,,,
,134,自我存在白巫師,服務形式,,,4,自我存在,14,白巫師,,,,,,,,
,135,超頻藍鷹,力量,,,5,超頻,15,藍鷹,,,,,,,,
,136,韻律黃戰士,平衡,,,6,韻律,16,黃戰士,,,,,,,,
,137,共振紅地球,中心,,,7,共振,17,紅地球,,,,,,,,
,138,銀河星系白鏡,信念,,,8,銀河星系,18,白鏡,,,,,,,,
,139,太陽藍風暴,意圖,,,9,太陽,19,藍風暴,,,,,,,,
,140,行星黃太陽,完美,,,10,行星,20,黃太陽,,,,,,,,
,141,光譜紅龍,釋放,,,11,光譜,1,紅龍,,,,,,,,
,142,水晶白風,合作,,,12,水晶,2,白風,,,,,,,,
,143,宇宙藍夜,姿態,,,13,宇宙,3,藍夜,,,,,,,,
,,,,,,,,,,,,,,,,,
,,,,,,,,,,,,,,,,,
,,,,,,,,,,,,,,,,,
,,,,,,,,,,,,,,,,,
起始日,流月,對應生日圖騰,KIN,主印記,主印記(含波符),對應卦象,編碼,主題,說明,第一位,第二位,第三位,第四位,第五位,第六位,波符加印記城堡,波符加印記城堡銀河季節
8/10/2025,第一個月,磁性藍猴,139,太陽藍風暴,藍猴波符太陽藍風暴,澤火革,101110,時間之革命,"意識是一種內在革命
所有時間都被七的力量所更新
當永恆改變，眾人也隨之改變",1,0,1,1,0,0,藍色西方蛻變城堡藍猴波符太陽藍風暴,開悟黃太陽黃色銀河季節藍色西方蛻變城堡藍猴波符太陽藍風暴
9/7/2025,第二個月,月亮黃人,167,光譜藍手,紅地球波符光譜藍手,雷山小過,001100,內在時間,"空間的共時性，用心電感應填滿時間
鳥兒展翅遨遊在山月間
精神被星光所接收",0,0,1,1,0,0,黃色南方給予城堡紅地球波符光譜藍手,開悟黃太陽黃色銀河季節黃色南方給予城堡紅地球波符光譜藍手
10/5/2025,第三個月,電力紅天行者,195,宇宙藍鷹,藍夜波符宇宙藍鷹,雷風恆,011100,心智安忍,"在時間之流中臣服你的心智
專注的聖杯裝滿太陽之光
將你的心智固定在不變之源上",0,1,1,1,0,0,黃色南方給予城堡藍夜波符宇宙藍鷹,生命力紅蛇紅色銀河季節黃色南方給予城堡藍夜波符宇宙藍鷹
11/2/2025,第四個月,自我存在白巫師,223,月亮藍夜,白風波符月亮藍夜,雷水解,010100,心的釋放,"閃電劃過心智，宇宙之夢覺醒
心照亮了，心智擴展了！
新的月亮進入太陽之道",0,1,0,1,0,0,綠色中央魔法城堡白風波符月亮藍夜,生命力紅蛇紅色銀河季節綠色中央魔法城堡白風波符月亮藍夜
11/30/2025,第五個月,超頻藍鷹,251,自我存在藍猴,黃星星波符自我存在藍猴,地水師,010000,眾人之力,"愛，是他們從地球收到的禮物
如同單一的宗族，他們升起了時間之樹
從他們自己的心智中，眾人出現",0,1,0,0,0,0,綠色中央魔法城堡黃星星波符自我存在藍猴,愛的白狗白色銀河季節綠色中央魔法城堡黃星星波符自我存在藍猴
12/28/2025,第六個月,韻律黃戰士,19,韻律藍風暴,白巫師波符韻律藍風暴,坎為水,010010,心水晶/月水晶,"用光的幻象填滿月亮
太陽未出現時，出現空間的幻覺
不在心智陰影中尋求認同",0,1,0,0,1,0,紅色東方啟動城堡白巫師波符韻律藍風暴,愛的白狗白色銀河季節紅色東方啟動城堡白巫師波符韻律藍風暴
1/25/2026,第七個月,共振紅地球,47,銀河星系藍手,黃太陽波符銀河星系藍手,風水渙,010011,溶解,"吹響銀河星系八度音階，心智不復存在
直接前往銀河中心
注視著星星的靈魂",0,1,0,0,1,1,紅色東方啟動城堡黃太陽波符銀河星系藍手,愛的白狗白色銀河季節紅色東方啟動城堡黃太陽波符銀河星系藍手
2/22/2026,第八個月,銀河星系白鏡,75,行星藍鷹,白世界橋波符行星藍鷹,風澤中孚,110011,內在空間,"時間透由宇宙呼吸封印空間—神性揭示
在一段漫長時間中，大自然變得完美
時間在意識海洋中出現",1,1,0,0,1,1,白色北方淨化城堡白世界橋波符行星藍鷹,視野藍鷹藍色銀河季節白色北方淨化城堡白世界橋波符行星藍鷹
3/22/2026,第九個月,太陽藍風暴,103,水晶藍夜,黃人波符水晶藍夜,風雷益,100011,無線傳聲之道,"彩虹出現在時間的起源中
時間與空間在單一思維結構中共時
建造聖殿，設計夢想",1,0,0,0,1,1,白色北方淨化城堡黃人波符水晶藍夜,視野藍鷹藍色銀河季節白色北方淨化城堡黃人波符水晶藍夜
4/19/2026,第十個月,行星黃太陽,131,磁性藍猴,藍猴波符磁性藍猴,風火家人,101011,家的力量,"獨處的時間將決定誰去誰回
勿讓火源處於無人看管狀態
家，內在之火",1,0,1,0,1,1,藍色西方蛻變城堡藍猴波符磁性藍猴,開悟黃太陽黃色銀河季節藍色西方蛻變城堡藍猴波符磁性藍猴
5/17/2026,第十一個月,光譜紅龍,159,電力藍風暴,紅地球波符電力藍風暴,天火同人,101111,同心協力之眾人,"一個太陽水晶升起—眾人跟隨的標誌
一顆遠古星星之美由其思想而生
眾人聚集在村莊廣場",1,0,1,1,1,1,黃色南方給予城堡紅地球波符電力藍風暴,開悟黃太陽黃色銀河季節黃色南方給予城堡紅地球波符電力藍風暴
6/14/2026,第十二個月,水晶白風,187,超頻藍手,藍夜波符超頻藍手,離為火,101101,視野水晶/太陽水晶,"想像到達超越視野所及之處
藉由水晶尋找時間的空間
透過地球之眼觀望並等待",1,0,1,1,0,1,黃色南方給予城堡藍夜波符超頻藍手,生命力紅蛇紅色銀河季節黃色南方給予城堡藍夜波符超頻藍手
7/12/2026,第十三個月,宇宙藍夜,215,共振藍鷹,紅月波符共振藍鷹,雷火豐,101100,喚醒智慧,"空間與空間之間的融合，騎乘著宇宙脈動
在午夜的太陽中看見北極星
在山中冥想，喚起內在之光",1,0,1,1,0,0,綠色中央魔法城堡紅月波符共振藍鷹,生命力紅蛇紅色銀河季節綠色中央魔法城堡紅月波符共振藍鷹
